-- MySQL dump 10.13  Distrib 8.0.34, for Win64 (x86_64)
--
-- Host: localhost    Database: store
-- ------------------------------------------------------
-- Server version	8.0.34

/*!40101 SET @OLD_CHARACTER_SET_CLIENT=@@CHARACTER_SET_CLIENT */;
/*!40101 SET @OLD_CHARACTER_SET_RESULTS=@@CHARACTER_SET_RESULTS */;
/*!40101 SET @OLD_COLLATION_CONNECTION=@@COLLATION_CONNECTION */;
/*!50503 SET NAMES utf8 */;
/*!40103 SET @OLD_TIME_ZONE=@@TIME_ZONE */;
/*!40103 SET TIME_ZONE='+00:00' */;
/*!40014 SET @OLD_UNIQUE_CHECKS=@@UNIQUE_CHECKS, UNIQUE_CHECKS=0 */;
/*!40014 SET @OLD_FOREIGN_KEY_CHECKS=@@FOREIGN_KEY_CHECKS, FOREIGN_KEY_CHECKS=0 */;
/*!40101 SET @OLD_SQL_MODE=@@SQL_MODE, SQL_MODE='NO_AUTO_VALUE_ON_ZERO' */;
/*!40111 SET @OLD_SQL_NOTES=@@SQL_NOTES, SQL_NOTES=0 */;

--
-- Table structure for table `accounts`
--
drop database if exists store;
create database store;
use store;
DROP TABLE IF EXISTS `accounts`;
/*!40101 SET @saved_cs_client     = @@character_set_client */;
/*!50503 SET character_set_client = utf8mb4 */;
CREATE TABLE `accounts` (
  `username` varchar(255) NOT NULL,
  `password` varchar(100) NOT NULL,
  `status` varchar(100) NOT NULL,
  PRIMARY KEY (`username`)
) ENGINE=InnoDB DEFAULT CHARSET=utf8mb4 COLLATE=utf8mb4_0900_ai_ci;
/*!40101 SET character_set_client = @saved_cs_client */;

--
-- Dumping data for table `accounts`
--

LOCK TABLES `accounts` WRITE;
/*!40000 ALTER TABLE `accounts` DISABLE KEYS */;
INSERT INTO `accounts` VALUES ('admin@123','b6839b5aa44345759007b10c796e0b8f','active'),('duym2349@gmail.com','a7731d1a27f9bb9f9789b6bb1371c040','active'),('lem99744@gmail.com','a7731d1a27f9bb9f9789b6bb1371c040','active'),('lnk2007.0@gmail.com','a7731d1a27f9bb9f9789b6bb1371c040','active'),('minhduy674@gmail.com','e30bec4dd8de5e86be4e0d15196d4133','active'),('quilivh11@gmail.com','b6839b5aa44345759007b10c796e0b8f','active');
/*!40000 ALTER TABLE `accounts` ENABLE KEYS */;
UNLOCK TABLES;

--
-- Table structure for table `cart`
--

DROP TABLE IF EXISTS `cart`;
/*!40101 SET @saved_cs_client     = @@character_set_client */;
/*!50503 SET character_set_client = utf8mb4 */;
CREATE TABLE `cart` (
  `Ca_ID` int NOT NULL AUTO_INCREMENT,
  `C_ID` int DEFAULT NULL,
  `P_ID` int DEFAULT NULL,
  `number` text,
  `totalprice` decimal(10,0) DEFAULT NULL,
  PRIMARY KEY (`Ca_ID`),
  KEY `C_ID` (`C_ID`),
  CONSTRAINT `cart_ibfk_1` FOREIGN KEY (`C_ID`) REFERENCES `customer` (`C_ID`)
) ENGINE=InnoDB AUTO_INCREMENT=32 DEFAULT CHARSET=utf8mb4 COLLATE=utf8mb4_0900_ai_ci;
/*!40101 SET character_set_client = @saved_cs_client */;

--
-- Dumping data for table `cart`
--

LOCK TABLES `cart` WRITE;
/*!40000 ALTER TABLE `cart` DISABLE KEYS */;
INSERT INTO `cart` VALUES (4,1,74,'0',0),(5,1,73,'0',0),(6,1,69,'0',0),(7,1,71,'0',0),(8,1,68,'0',0),(9,1,70,'0',0),(10,1,72,'0',0),(11,1,75,'0',0),(12,1,2,'0',0),(14,1,99,'0',0),(15,1,104,'0',0),(16,1,103,'0',0),(17,1,106,'0',0),(18,1,102,'0',0),(19,1,98,'0',0),(20,1,93,'0',0),(21,1,101,'0',0),(22,18,105,'0',0),(23,18,106,'1',45000),(24,18,104,'1',35000),(25,19,99,'1',70000),(26,19,102,'1',25000),(27,20,100,'1',35000),(28,20,95,'1',60000),(29,21,87,'1',47000),(30,21,86,'1',35000),(31,21,63,'1',55000);
/*!40000 ALTER TABLE `cart` ENABLE KEYS */;
UNLOCK TABLES;

--
-- Table structure for table `customer`
--

DROP TABLE IF EXISTS `customer`;
/*!40101 SET @saved_cs_client     = @@character_set_client */;
/*!50503 SET character_set_client = utf8mb4 */;
CREATE TABLE `customer` (
  `C_ID` int NOT NULL AUTO_INCREMENT,
  `CName` varchar(100) DEFAULT NULL,
  `CDOB` date DEFAULT NULL,
  `Address` text,
  `username` varchar(255) NOT NULL,
  PRIMARY KEY (`C_ID`,`username`),
  KEY `username` (`username`),
  CONSTRAINT `customer_ibfk_1` FOREIGN KEY (`username`) REFERENCES `accounts` (`username`)
) ENGINE=InnoDB AUTO_INCREMENT=22 DEFAULT CHARSET=utf8mb4 COLLATE=utf8mb4_0900_ai_ci;
/*!40101 SET character_set_client = @saved_cs_client */;

--
-- Dumping data for table `customer`
--

LOCK TABLES `customer` WRITE;
/*!40000 ALTER TABLE `customer` DISABLE KEYS */;
INSERT INTO `customer` VALUES (1,'Nguyễn Minh Huy','2002-08-24','1806/67 Huỳnh Tấn Phát, Thị Trấn Nhà Bè, Nhà Bè,TP.HCM','quilivh11@gmail.com'),(18,'duy','2002-12-12','hcm','minhduy674@gmail.com'),(19,'thang','2002-12-12','hcm','lnk2007.0@gmail.com'),(20,'tan','2002-12-02','bến tre','duym2349@gmail.com'),(21,'quang huy','2002-02-03','bến tre','lem99744@gmail.com');
/*!40000 ALTER TABLE `customer` ENABLE KEYS */;
UNLOCK TABLES;

--
-- Table structure for table `employees`
--

DROP TABLE IF EXISTS `employees`;
/*!40101 SET @saved_cs_client     = @@character_set_client */;
/*!50503 SET character_set_client = utf8mb4 */;
CREATE TABLE `employees` (
  `E_ID` int NOT NULL AUTO_INCREMENT,
  `level` varchar(50) DEFAULT NULL,
  `position` varchar(50) DEFAULT NULL,
  `Ename` varchar(100) DEFAULT NULL,
  `EDOB` date DEFAULT NULL,
  `username` varchar(255) NOT NULL,
  PRIMARY KEY (`E_ID`),
  KEY `username` (`username`),
  CONSTRAINT `employees_ibfk_1` FOREIGN KEY (`username`) REFERENCES `accounts` (`username`)
) ENGINE=InnoDB AUTO_INCREMENT=2 DEFAULT CHARSET=utf8mb4 COLLATE=utf8mb4_0900_ai_ci;
/*!40101 SET character_set_client = @saved_cs_client */;

--
-- Dumping data for table `employees`
--

LOCK TABLES `employees` WRITE;
/*!40000 ALTER TABLE `employees` DISABLE KEYS */;
INSERT INTO `employees` VALUES (1,'Boss','Manager','Nguyen Minh Huy',NULL,'admin@123');
/*!40000 ALTER TABLE `employees` ENABLE KEYS */;
UNLOCK TABLES;

--
-- Table structure for table `history`
--

DROP TABLE IF EXISTS `history`;
/*!40101 SET @saved_cs_client     = @@character_set_client */;
/*!50503 SET character_set_client = utf8mb4 */;
CREATE TABLE `history` (
  `H_ID` int NOT NULL AUTO_INCREMENT,
  `ImportDate` datetime DEFAULT NULL,
  `ExportDate` datetime DEFAULT NULL,
  `P_ID` int DEFAULT NULL,
  `ProNumber` varchar(100) DEFAULT NULL,
  `O_ID` int DEFAULT NULL,
  PRIMARY KEY (`H_ID`),
  KEY `P_ID` (`P_ID`),
  KEY `O_ID` (`O_ID`),
  CONSTRAINT `history_ibfk_1` FOREIGN KEY (`P_ID`) REFERENCES `product` (`P_ID`),
  CONSTRAINT `history_ibfk_2` FOREIGN KEY (`O_ID`) REFERENCES `orders` (`O_ID`)
) ENGINE=InnoDB AUTO_INCREMENT=991 DEFAULT CHARSET=utf8mb4 COLLATE=utf8mb4_0900_ai_ci;
/*!40101 SET character_set_client = @saved_cs_client */;

--
-- Dumping data for table `history`
--

LOCK TABLES `history` WRITE;
/*!40000 ALTER TABLE `history` DISABLE KEYS */;
INSERT INTO `history` VALUES (1,'2024-04-05 06:04:45','2024-04-05 06:04:45',99,'1',1),(2,'2024-04-05 06:04:45','2024-04-05 06:04:45',103,'1',1),(3,'2024-04-05 06:04:45','2024-04-05 06:04:45',106,'1',1),(4,'2024-04-05 06:04:45','2024-04-05 06:04:45',102,'1',1),(5,'2024-04-05 06:04:45','2024-04-05 06:04:45',98,'1',1),(6,'2024-04-05 06:04:45','2024-04-05 06:04:45',93,'1',1),(7,'2024-04-05 06:04:45','2024-04-05 06:04:45',101,'1',1),(8,'2024-04-05 06:06:33','2024-04-05 06:06:33',105,'1',2),(9,'2024-04-05 06:07:03','2024-04-05 06:07:03',105,'1',3),(10,'2024-04-05 06:07:04','2024-04-05 06:07:04',105,'1',4),(11,'2024-04-05 06:07:23','2024-04-05 06:07:23',105,'1',5),(12,'2024-04-05 06:07:25','2024-04-05 06:07:25',105,'1',6),(13,'2024-04-05 06:07:56','2024-04-05 06:07:56',105,'1',7),(14,'2024-04-05 06:07:57','2024-04-05 06:07:57',105,'1',8),(15,'2024-04-05 06:07:59','2024-04-05 06:07:59',105,'1',9),(16,'2024-04-05 06:07:59','2024-04-05 06:07:59',105,'1',10),(17,'2024-04-05 06:07:59','2024-04-05 06:07:59',105,'1',11),(18,'2024-04-05 06:08:03','2024-04-05 06:08:03',105,'1',12),(19,'2024-04-05 06:08:04','2024-04-05 06:08:04',105,'1',13),(20,'2024-04-05 06:08:05','2024-04-05 06:08:05',105,'1',14),(21,'2024-04-05 06:08:05','2024-04-05 06:08:05',105,'1',15),(22,'2024-04-05 06:08:05','2024-04-05 06:08:05',105,'1',16),(23,'2024-04-05 06:08:06','2024-04-05 06:08:06',105,'1',17),(24,'2024-04-05 06:08:06','2024-04-05 06:08:06',105,'1',18),(25,'2024-04-05 06:08:22','2024-04-05 06:08:22',105,'1',19),(26,'2024-04-05 06:08:23','2024-04-05 06:08:23',105,'1',20),(27,'2024-04-05 06:08:24','2024-04-05 06:08:24',105,'1',21),(28,'2024-04-05 06:08:24','2024-04-05 06:08:24',105,'1',22),(29,'2024-04-05 06:08:24','2024-04-05 06:08:24',105,'1',23),(30,'2024-04-05 06:08:24','2024-04-05 06:08:24',105,'1',24),(31,'2024-04-05 06:08:24','2024-04-05 06:08:24',105,'1',25),(32,'2024-04-05 06:08:25','2024-04-05 06:08:25',105,'1',26),(33,'2024-04-05 06:08:25','2024-04-05 06:08:25',105,'1',27),(34,'2024-04-05 06:08:25','2024-04-05 06:08:25',105,'1',28),(35,'2024-04-05 06:08:25','2024-04-05 06:08:25',105,'1',29),(36,'2024-04-05 06:08:25','2024-04-05 06:08:25',105,'1',30),(37,'2024-04-05 06:08:25','2024-04-05 06:08:25',105,'1',31),(38,'2024-04-05 06:08:25','2024-04-05 06:08:25',105,'1',32),(39,'2024-04-05 06:08:26','2024-04-05 06:08:26',105,'1',33),(40,'2024-04-05 06:08:26','2024-04-05 06:08:26',105,'1',34),(41,'2024-04-05 06:08:26','2024-04-05 06:08:26',105,'1',35),(42,'2024-04-05 06:08:26','2024-04-05 06:08:26',105,'1',36),(43,'2024-04-05 06:08:26','2024-04-05 06:08:26',105,'1',37),(44,'2024-04-05 06:08:26','2024-04-05 06:08:26',105,'1',38),(45,'2024-04-05 06:08:27','2024-04-05 06:08:27',105,'1',39),(46,'2024-04-05 06:08:27','2024-04-05 06:08:27',105,'1',40),(47,'2024-04-05 06:08:27','2024-04-05 06:08:27',105,'1',41),(48,'2024-04-05 06:08:27','2024-04-05 06:08:27',105,'1',42),(49,'2024-04-05 06:08:27','2024-04-05 06:08:27',105,'1',43),(50,'2024-04-05 06:08:27','2024-04-05 06:08:27',105,'1',44),(51,'2024-04-05 06:08:27','2024-04-05 06:08:27',105,'1',45),(52,'2024-04-05 06:08:28','2024-04-05 06:08:28',105,'1',46),(53,'2024-04-05 06:08:28','2024-04-05 06:08:28',105,'1',47),(54,'2024-04-05 06:08:32','2024-04-05 06:08:32',105,'1',48),(55,'2024-04-05 06:08:32','2024-04-05 06:08:32',105,'1',49),(56,'2024-04-05 06:08:32','2024-04-05 06:08:32',105,'1',50),(57,'2024-04-05 06:08:32','2024-04-05 06:08:32',105,'1',51),(58,'2024-04-05 06:08:32','2024-04-05 06:08:32',105,'1',52),(59,'2024-04-05 06:08:37','2024-04-05 06:08:37',105,'1',53),(60,'2024-04-05 06:09:17','2024-04-05 06:09:17',105,'1',54),(61,'2024-04-05 06:09:17','2024-04-05 06:09:17',105,'1',55),(62,'2024-04-05 06:09:17','2024-04-05 06:09:17',105,'1',56),(63,'2024-04-05 06:09:19','2024-04-05 06:09:19',105,'1',57),(64,'2024-04-05 06:09:19','2024-04-05 06:09:19',105,'1',58),(65,'2024-04-05 06:09:19','2024-04-05 06:09:19',105,'1',59),(66,'2024-04-05 06:09:19','2024-04-05 06:09:19',105,'1',60),(67,'2024-04-05 06:09:19','2024-04-05 06:09:19',105,'1',61),(68,'2024-04-05 06:09:19','2024-04-05 06:09:19',105,'1',62),(69,'2024-04-05 06:09:19','2024-04-05 06:09:19',105,'1',63),(70,'2024-04-05 06:09:19','2024-04-05 06:09:19',105,'1',64),(71,'2024-04-05 06:09:20','2024-04-05 06:09:20',105,'1',65),(72,'2024-04-05 06:09:20','2024-04-05 06:09:20',105,'1',66),(73,'2024-04-05 06:09:20','2024-04-05 06:09:20',105,'1',67),(74,'2024-04-05 06:09:20','2024-04-05 06:09:20',105,'1',68),(75,'2024-04-05 06:09:20','2024-04-05 06:09:20',105,'1',69),(76,'2024-04-05 06:09:21','2024-04-05 06:09:21',105,'1',70),(77,'2024-04-05 06:09:21','2024-04-05 06:09:21',105,'1',71),(78,'2024-04-05 06:09:21','2024-04-05 06:09:21',105,'1',72),(79,'2024-04-05 06:09:21','2024-04-05 06:09:21',105,'1',73),(80,'2024-04-05 06:09:21','2024-04-05 06:09:21',105,'1',74),(81,'2024-04-05 06:09:22','2024-04-05 06:09:22',105,'1',75),(82,'2024-04-05 06:09:22','2024-04-05 06:09:22',105,'1',76),(83,'2024-04-05 06:09:22','2024-04-05 06:09:22',105,'1',77),(84,'2024-04-05 06:09:22','2024-04-05 06:09:22',105,'1',78),(85,'2024-04-05 06:09:22','2024-04-05 06:09:22',105,'1',79),(86,'2024-04-05 06:09:22','2024-04-05 06:09:22',105,'1',80),(87,'2024-04-05 06:09:23','2024-04-05 06:09:23',105,'1',81),(88,'2024-04-05 06:09:23','2024-04-05 06:09:23',105,'1',82),(89,'2024-04-05 06:09:23','2024-04-05 06:09:23',105,'1',83),(90,'2024-04-05 06:09:23','2024-04-05 06:09:23',105,'1',84),(91,'2024-04-05 06:09:23','2024-04-05 06:09:23',105,'1',85),(92,'2024-04-05 06:09:24','2024-04-05 06:09:24',105,'1',86),(93,'2024-04-05 06:09:24','2024-04-05 06:09:24',105,'1',87),(94,'2024-04-05 06:09:24','2024-04-05 06:09:24',105,'1',88),(95,'2024-04-05 06:09:24','2024-04-05 06:09:24',105,'1',89),(96,'2024-04-05 06:09:25','2024-04-05 06:09:25',105,'1',90),(97,'2024-04-05 06:09:25','2024-04-05 06:09:25',105,'1',91),(98,'2024-04-05 06:09:25','2024-04-05 06:09:25',105,'1',92),(99,'2024-04-05 06:09:25','2024-04-05 06:09:25',105,'1',93),(100,'2024-04-05 06:09:25','2024-04-05 06:09:25',105,'1',94),(101,'2024-04-05 06:09:26','2024-04-05 06:09:26',105,'1',95),(102,'2024-04-05 06:09:28','2024-04-05 06:09:28',105,'1',96),(103,'2024-04-05 06:09:28','2024-04-05 06:09:28',105,'1',97),(104,'2024-04-05 06:09:28','2024-04-05 06:09:28',105,'1',98),(105,'2024-04-05 06:09:28','2024-04-05 06:09:28',105,'1',99),(106,'2024-04-05 06:09:28','2024-04-05 06:09:28',105,'1',100),(107,'2024-04-05 06:09:28','2024-04-05 06:09:28',105,'1',101),(108,'2024-04-05 06:09:28','2024-04-05 06:09:28',105,'1',102),(109,'2024-04-05 06:09:28','2024-04-05 06:09:28',105,'1',103),(110,'2024-04-05 06:09:28','2024-04-05 06:09:28',105,'1',104),(111,'2024-04-05 06:09:28','2024-04-05 06:09:28',105,'1',105),(112,'2024-04-05 06:09:28','2024-04-05 06:09:28',105,'1',106),(113,'2024-04-05 06:09:28','2024-04-05 06:09:28',105,'1',107),(114,'2024-04-05 06:09:28','2024-04-05 06:09:28',105,'1',108),(115,'2024-04-05 06:09:29','2024-04-05 06:09:29',105,'1',109),(116,'2024-04-05 06:09:29','2024-04-05 06:09:29',105,'1',110),(117,'2024-04-05 06:09:29','2024-04-05 06:09:29',105,'1',111),(118,'2024-04-05 06:09:29','2024-04-05 06:09:29',105,'1',112),(119,'2024-04-05 06:09:29','2024-04-05 06:09:29',105,'1',113),(120,'2024-04-05 06:09:29','2024-04-05 06:09:29',105,'1',114),(121,'2024-04-05 06:09:35','2024-04-05 06:09:35',105,'1',115),(122,'2024-04-05 06:21:55','2024-04-05 06:21:55',106,'1',116),(123,'2024-04-05 06:21:55','2024-04-05 06:21:55',104,'1',116),(124,'2024-04-05 06:21:55','2024-04-05 06:21:55',106,'1',117),(125,'2024-04-05 06:21:55','2024-04-05 06:21:55',104,'1',117),(126,'2024-04-05 06:21:56','2024-04-05 06:21:56',106,'1',118),(127,'2024-04-05 06:21:56','2024-04-05 06:21:56',104,'1',118),(128,'2024-04-05 06:21:56','2024-04-05 06:21:56',106,'1',119),(129,'2024-04-05 06:21:56','2024-04-05 06:21:56',104,'1',119),(130,'2024-04-05 06:21:56','2024-04-05 06:21:56',106,'1',120),(131,'2024-04-05 06:21:56','2024-04-05 06:21:56',104,'1',120),(132,'2024-04-05 06:21:57','2024-04-05 06:21:57',106,'1',121),(133,'2024-04-05 06:21:57','2024-04-05 06:21:57',104,'1',121),(134,'2024-04-05 06:21:57','2024-04-05 06:21:57',106,'1',122),(135,'2024-04-05 06:21:57','2024-04-05 06:21:57',104,'1',122),(136,'2024-04-05 06:21:57','2024-04-05 06:21:57',106,'1',123),(137,'2024-04-05 06:21:57','2024-04-05 06:21:57',104,'1',123),(138,'2024-04-05 06:21:57','2024-04-05 06:21:57',106,'1',124),(139,'2024-04-05 06:21:57','2024-04-05 06:21:57',104,'1',124),(140,'2024-04-05 06:21:57','2024-04-05 06:21:57',106,'1',125),(141,'2024-04-05 06:21:57','2024-04-05 06:21:57',104,'1',125),(142,'2024-04-05 06:21:58','2024-04-05 06:21:58',106,'1',126),(143,'2024-04-05 06:21:58','2024-04-05 06:21:58',104,'1',126),(144,'2024-04-05 06:21:58','2024-04-05 06:21:58',106,'1',127),(145,'2024-04-05 06:21:58','2024-04-05 06:21:58',104,'1',127),(146,'2024-04-05 06:21:58','2024-04-05 06:21:58',106,'1',128),(147,'2024-04-05 06:21:58','2024-04-05 06:21:58',104,'1',128),(148,'2024-04-05 06:21:58','2024-04-05 06:21:58',106,'1',129),(149,'2024-04-05 06:21:58','2024-04-05 06:21:58',104,'1',129),(150,'2024-04-05 06:21:58','2024-04-05 06:21:58',106,'1',130),(151,'2024-04-05 06:21:58','2024-04-05 06:21:58',104,'1',130),(152,'2024-04-05 06:21:59','2024-04-05 06:21:59',106,'1',131),(153,'2024-04-05 06:21:59','2024-04-05 06:21:59',104,'1',131),(154,'2024-04-05 06:21:59','2024-04-05 06:21:59',106,'1',132),(155,'2024-04-05 06:21:59','2024-04-05 06:21:59',104,'1',132),(156,'2024-04-05 06:22:01','2024-04-05 06:22:01',106,'1',133),(157,'2024-04-05 06:22:01','2024-04-05 06:22:01',104,'1',133),(158,'2024-04-05 06:22:01','2024-04-05 06:22:01',106,'1',134),(159,'2024-04-05 06:22:01','2024-04-05 06:22:01',104,'1',134),(160,'2024-04-05 06:22:02','2024-04-05 06:22:02',106,'1',135),(161,'2024-04-05 06:22:02','2024-04-05 06:22:02',104,'1',135),(162,'2024-04-05 06:22:02','2024-04-05 06:22:02',106,'1',136),(163,'2024-04-05 06:22:02','2024-04-05 06:22:02',104,'1',136),(164,'2024-04-05 06:22:03','2024-04-05 06:22:03',106,'1',137),(165,'2024-04-05 06:22:03','2024-04-05 06:22:03',104,'1',137),(166,'2024-04-05 06:22:04','2024-04-05 06:22:04',106,'1',138),(167,'2024-04-05 06:22:04','2024-04-05 06:22:04',104,'1',138),(168,'2024-04-05 06:22:05','2024-04-05 06:22:05',106,'1',139),(169,'2024-04-05 06:22:05','2024-04-05 06:22:05',104,'1',139),(170,'2024-04-05 06:22:05','2024-04-05 06:22:05',106,'1',140),(171,'2024-04-05 06:22:05','2024-04-05 06:22:05',104,'1',140),(172,'2024-04-05 06:22:06','2024-04-05 06:22:06',106,'1',141),(173,'2024-04-05 06:22:06','2024-04-05 06:22:06',104,'1',141),(174,'2024-04-05 06:22:07','2024-04-05 06:22:07',106,'1',142),(175,'2024-04-05 06:22:07','2024-04-05 06:22:07',104,'1',142),(176,'2024-04-05 06:22:07','2024-04-05 06:22:07',106,'1',143),(177,'2024-04-05 06:22:07','2024-04-05 06:22:07',104,'1',143),(178,'2024-04-05 06:22:07','2024-04-05 06:22:07',106,'1',144),(179,'2024-04-05 06:22:07','2024-04-05 06:22:07',104,'1',144),(180,'2024-04-05 06:22:07','2024-04-05 06:22:07',106,'1',145),(181,'2024-04-05 06:22:07','2024-04-05 06:22:07',104,'1',145),(182,'2024-04-05 06:22:08','2024-04-05 06:22:08',106,'1',146),(183,'2024-04-05 06:22:08','2024-04-05 06:22:08',104,'1',146),(184,'2024-04-05 06:22:08','2024-04-05 06:22:08',106,'1',147),(185,'2024-04-05 06:22:08','2024-04-05 06:22:08',104,'1',147),(186,'2024-04-05 06:22:09','2024-04-05 06:22:09',106,'1',148),(187,'2024-04-05 06:22:09','2024-04-05 06:22:09',104,'1',148),(188,'2024-04-05 06:22:09','2024-04-05 06:22:09',106,'1',149),(189,'2024-04-05 06:22:09','2024-04-05 06:22:09',104,'1',149),(190,'2024-04-05 06:22:09','2024-04-05 06:22:09',106,'1',150),(191,'2024-04-05 06:22:09','2024-04-05 06:22:09',104,'1',150),(192,'2024-04-05 06:22:10','2024-04-05 06:22:10',106,'1',151),(193,'2024-04-05 06:22:10','2024-04-05 06:22:10',104,'1',151),(194,'2024-04-05 06:22:28','2024-04-05 06:22:28',106,'1',152),(195,'2024-04-05 06:22:28','2024-04-05 06:22:28',104,'1',152),(196,'2024-04-05 06:22:28','2024-04-05 06:22:28',106,'1',153),(197,'2024-04-05 06:22:28','2024-04-05 06:22:28',104,'1',153),(198,'2024-04-05 06:22:28','2024-04-05 06:22:28',106,'1',154),(199,'2024-04-05 06:22:28','2024-04-05 06:22:28',104,'1',154),(200,'2024-04-05 06:22:28','2024-04-05 06:22:28',106,'1',155),(201,'2024-04-05 06:22:28','2024-04-05 06:22:28',104,'1',155),(202,'2024-04-05 06:22:28','2024-04-05 06:22:28',106,'1',156),(203,'2024-04-05 06:22:28','2024-04-05 06:22:28',104,'1',156),(204,'2024-04-05 06:22:29','2024-04-05 06:22:29',106,'1',157),(205,'2024-04-05 06:22:29','2024-04-05 06:22:29',104,'1',157),(206,'2024-04-05 06:22:29','2024-04-05 06:22:29',106,'1',158),(207,'2024-04-05 06:22:29','2024-04-05 06:22:29',104,'1',158),(208,'2024-04-05 06:22:29','2024-04-05 06:22:29',106,'1',159),(209,'2024-04-05 06:22:29','2024-04-05 06:22:29',104,'1',159),(210,'2024-04-05 06:22:30','2024-04-05 06:22:30',106,'1',160),(211,'2024-04-05 06:22:30','2024-04-05 06:22:30',104,'1',160),(212,'2024-04-05 06:22:30','2024-04-05 06:22:30',106,'1',161),(213,'2024-04-05 06:22:30','2024-04-05 06:22:30',104,'1',161),(214,'2024-04-05 06:22:30','2024-04-05 06:22:30',106,'1',162),(215,'2024-04-05 06:22:30','2024-04-05 06:22:30',104,'1',162),(216,'2024-04-05 06:22:33','2024-04-05 06:22:33',106,'1',163),(217,'2024-04-05 06:22:33','2024-04-05 06:22:33',104,'1',163),(218,'2024-04-05 06:22:33','2024-04-05 06:22:33',106,'1',164),(219,'2024-04-05 06:22:33','2024-04-05 06:22:33',104,'1',164),(220,'2024-04-05 06:22:33','2024-04-05 06:22:33',106,'1',165),(221,'2024-04-05 06:22:33','2024-04-05 06:22:33',104,'1',165),(222,'2024-04-05 06:22:33','2024-04-05 06:22:33',106,'1',166),(223,'2024-04-05 06:22:33','2024-04-05 06:22:33',104,'1',166),(224,'2024-04-05 06:22:34','2024-04-05 06:22:34',106,'1',167),(225,'2024-04-05 06:22:34','2024-04-05 06:22:34',104,'1',167),(226,'2024-04-05 06:22:34','2024-04-05 06:22:34',106,'1',168),(227,'2024-04-05 06:22:34','2024-04-05 06:22:34',104,'1',168),(228,'2024-04-05 06:22:46','2024-04-05 06:22:46',106,'1',169),(229,'2024-04-05 06:22:46','2024-04-05 06:22:46',104,'1',169),(230,'2024-04-05 06:22:46','2024-04-05 06:22:46',106,'1',170),(231,'2024-04-05 06:22:46','2024-04-05 06:22:46',104,'1',170),(232,'2024-04-05 06:22:46','2024-04-05 06:22:46',106,'1',171),(233,'2024-04-05 06:22:46','2024-04-05 06:22:46',104,'1',171),(234,'2024-04-05 06:22:46','2024-04-05 06:22:46',106,'1',172),(235,'2024-04-05 06:22:46','2024-04-05 06:22:46',104,'1',172),(236,'2024-04-05 06:22:47','2024-04-05 06:22:47',106,'1',173),(237,'2024-04-05 06:22:47','2024-04-05 06:22:47',104,'1',173),(238,'2024-04-05 06:22:47','2024-04-05 06:22:47',106,'1',174),(239,'2024-04-05 06:22:47','2024-04-05 06:22:47',104,'1',174),(240,'2024-04-05 06:22:47','2024-04-05 06:22:47',106,'1',175),(241,'2024-04-05 06:22:47','2024-04-05 06:22:47',104,'1',175),(242,'2024-04-05 06:22:47','2024-04-05 06:22:47',106,'1',176),(243,'2024-04-05 06:22:47','2024-04-05 06:22:47',104,'1',176),(244,'2024-04-05 06:22:48','2024-04-05 06:22:48',106,'1',177),(245,'2024-04-05 06:22:48','2024-04-05 06:22:48',104,'1',177),(246,'2024-04-05 06:22:54','2024-04-05 06:22:54',106,'1',178),(247,'2024-04-05 06:22:54','2024-04-05 06:22:54',104,'1',178),(248,'2024-04-05 06:22:55','2024-04-05 06:22:55',106,'1',179),(249,'2024-04-05 06:22:55','2024-04-05 06:22:55',104,'1',179),(250,'2024-04-05 06:22:55','2024-04-05 06:22:55',106,'1',180),(251,'2024-04-05 06:22:55','2024-04-05 06:22:55',104,'1',180),(252,'2024-04-05 06:22:55','2024-04-05 06:22:55',106,'1',181),(253,'2024-04-05 06:22:55','2024-04-05 06:22:55',104,'1',181),(254,'2024-04-05 06:22:55','2024-04-05 06:22:55',106,'1',182),(255,'2024-04-05 06:22:55','2024-04-05 06:22:55',104,'1',182),(256,'2024-04-05 06:22:55','2024-04-05 06:22:55',106,'1',183),(257,'2024-04-05 06:22:55','2024-04-05 06:22:55',104,'1',183),(258,'2024-04-05 06:22:56','2024-04-05 06:22:56',106,'1',184),(259,'2024-04-05 06:22:56','2024-04-05 06:22:56',104,'1',184),(260,'2024-04-05 06:22:57','2024-04-05 06:22:57',106,'1',185),(261,'2024-04-05 06:22:57','2024-04-05 06:22:57',104,'1',185),(262,'2024-04-05 06:22:58','2024-04-05 06:22:58',106,'1',186),(263,'2024-04-05 06:22:58','2024-04-05 06:22:58',104,'1',186),(264,'2024-04-05 06:22:58','2024-04-05 06:22:58',106,'1',187),(265,'2024-04-05 06:22:58','2024-04-05 06:22:58',104,'1',187),(266,'2024-04-05 06:22:58','2024-04-05 06:22:58',106,'1',188),(267,'2024-04-05 06:22:58','2024-04-05 06:22:58',104,'1',188),(268,'2024-04-05 06:22:59','2024-04-05 06:22:59',106,'1',189),(269,'2024-04-05 06:22:59','2024-04-05 06:22:59',104,'1',189),(270,'2024-04-05 06:22:59','2024-04-05 06:22:59',106,'1',190),(271,'2024-04-05 06:22:59','2024-04-05 06:22:59',104,'1',190),(272,'2024-04-05 06:23:00','2024-04-05 06:23:00',106,'1',191),(273,'2024-04-05 06:23:00','2024-04-05 06:23:00',104,'1',191),(274,'2024-04-05 06:23:00','2024-04-05 06:23:00',106,'1',192),(275,'2024-04-05 06:23:00','2024-04-05 06:23:00',104,'1',192),(276,'2024-04-05 06:23:00','2024-04-05 06:23:00',106,'1',193),(277,'2024-04-05 06:23:00','2024-04-05 06:23:00',104,'1',193),(278,'2024-04-05 06:23:01','2024-04-05 06:23:01',106,'1',194),(279,'2024-04-05 06:23:01','2024-04-05 06:23:01',104,'1',194),(280,'2024-04-05 06:23:07','2024-04-05 06:23:07',106,'1',195),(281,'2024-04-05 06:23:07','2024-04-05 06:23:07',104,'1',195),(282,'2024-04-05 06:23:07','2024-04-05 06:23:07',106,'1',196),(283,'2024-04-05 06:23:07','2024-04-05 06:23:07',104,'1',196),(284,'2024-04-05 06:23:07','2024-04-05 06:23:07',106,'1',197),(285,'2024-04-05 06:23:07','2024-04-05 06:23:07',104,'1',197),(286,'2024-04-05 06:23:08','2024-04-05 06:23:08',106,'1',198),(287,'2024-04-05 06:23:08','2024-04-05 06:23:08',104,'1',198),(288,'2024-04-05 06:23:08','2024-04-05 06:23:08',106,'1',199),(289,'2024-04-05 06:23:08','2024-04-05 06:23:08',104,'1',199),(290,'2024-04-05 06:23:08','2024-04-05 06:23:08',106,'1',200),(291,'2024-04-05 06:23:08','2024-04-05 06:23:08',104,'1',200),(292,'2024-04-05 06:24:41','2024-04-05 06:24:41',99,'1',201),(293,'2024-04-05 06:24:41','2024-04-05 06:24:41',102,'1',201),(294,'2024-04-05 06:24:41','2024-04-05 06:24:41',99,'1',202),(295,'2024-04-05 06:24:41','2024-04-05 06:24:41',102,'1',202),(296,'2024-04-05 06:24:41','2024-04-05 06:24:41',99,'1',203),(297,'2024-04-05 06:24:41','2024-04-05 06:24:41',102,'1',203),(298,'2024-04-05 06:24:42','2024-04-05 06:24:42',99,'1',204),(299,'2024-04-05 06:24:42','2024-04-05 06:24:42',102,'1',204),(300,'2024-04-05 06:24:42','2024-04-05 06:24:42',99,'1',205),(301,'2024-04-05 06:24:42','2024-04-05 06:24:42',102,'1',205),(302,'2024-04-05 06:24:42','2024-04-05 06:24:42',99,'1',206),(303,'2024-04-05 06:24:42','2024-04-05 06:24:42',102,'1',206),(304,'2024-04-05 06:24:42','2024-04-05 06:24:42',99,'1',207),(305,'2024-04-05 06:24:42','2024-04-05 06:24:42',102,'1',207),(306,'2024-04-05 06:24:43','2024-04-05 06:24:43',99,'1',208),(307,'2024-04-05 06:24:43','2024-04-05 06:24:43',102,'1',208),(308,'2024-04-05 06:24:43','2024-04-05 06:24:43',99,'1',209),(309,'2024-04-05 06:24:43','2024-04-05 06:24:43',102,'1',209),(310,'2024-04-05 06:24:43','2024-04-05 06:24:43',99,'1',210),(311,'2024-04-05 06:24:43','2024-04-05 06:24:43',102,'1',210),(312,'2024-04-05 06:24:43','2024-04-05 06:24:43',99,'1',211),(313,'2024-04-05 06:24:43','2024-04-05 06:24:43',102,'1',211),(314,'2024-04-05 06:24:44','2024-04-05 06:24:44',99,'1',212),(315,'2024-04-05 06:24:44','2024-04-05 06:24:44',102,'1',212),(316,'2024-04-05 06:24:44','2024-04-05 06:24:44',99,'1',213),(317,'2024-04-05 06:24:44','2024-04-05 06:24:44',102,'1',213),(318,'2024-04-05 06:24:44','2024-04-05 06:24:44',99,'1',214),(319,'2024-04-05 06:24:44','2024-04-05 06:24:44',102,'1',214),(320,'2024-04-05 06:24:44','2024-04-05 06:24:44',99,'1',215),(321,'2024-04-05 06:24:44','2024-04-05 06:24:44',102,'1',215),(322,'2024-04-05 06:24:44','2024-04-05 06:24:44',99,'1',216),(323,'2024-04-05 06:24:44','2024-04-05 06:24:44',102,'1',216),(324,'2024-04-05 06:24:45','2024-04-05 06:24:45',99,'1',217),(325,'2024-04-05 06:24:45','2024-04-05 06:24:45',102,'1',217),(326,'2024-04-05 06:24:45','2024-04-05 06:24:45',99,'1',218),(327,'2024-04-05 06:24:45','2024-04-05 06:24:45',102,'1',218),(328,'2024-04-05 06:24:45','2024-04-05 06:24:45',99,'1',219),(329,'2024-04-05 06:24:45','2024-04-05 06:24:45',102,'1',219),(330,'2024-04-05 06:24:46','2024-04-05 06:24:46',99,'1',220),(331,'2024-04-05 06:24:46','2024-04-05 06:24:46',102,'1',220),(332,'2024-04-05 06:24:46','2024-04-05 06:24:46',99,'1',221),(333,'2024-04-05 06:24:46','2024-04-05 06:24:46',102,'1',221),(334,'2024-04-05 06:24:46','2024-04-05 06:24:46',99,'1',222),(335,'2024-04-05 06:24:46','2024-04-05 06:24:46',102,'1',222),(336,'2024-04-05 06:24:47','2024-04-05 06:24:47',99,'1',223),(337,'2024-04-05 06:24:47','2024-04-05 06:24:47',102,'1',223),(338,'2024-04-05 06:24:47','2024-04-05 06:24:47',99,'1',224),(339,'2024-04-05 06:24:47','2024-04-05 06:24:47',102,'1',224),(340,'2024-04-05 06:24:48','2024-04-05 06:24:48',99,'1',225),(341,'2024-04-05 06:24:48','2024-04-05 06:24:48',102,'1',225),(342,'2024-04-05 06:24:49','2024-04-05 06:24:49',99,'1',226),(343,'2024-04-05 06:24:49','2024-04-05 06:24:49',102,'1',226),(344,'2024-04-05 06:24:50','2024-04-05 06:24:50',99,'1',227),(345,'2024-04-05 06:24:50','2024-04-05 06:24:50',102,'1',227),(346,'2024-04-05 06:24:51','2024-04-05 06:24:51',99,'1',228),(347,'2024-04-05 06:24:51','2024-04-05 06:24:51',102,'1',228),(348,'2024-04-05 06:24:52','2024-04-05 06:24:52',99,'1',229),(349,'2024-04-05 06:24:52','2024-04-05 06:24:52',102,'1',229),(350,'2024-04-05 06:24:53','2024-04-05 06:24:53',99,'1',230),(351,'2024-04-05 06:24:53','2024-04-05 06:24:53',102,'1',230),(352,'2024-04-05 06:24:53','2024-04-05 06:24:53',99,'1',231),(353,'2024-04-05 06:24:53','2024-04-05 06:24:53',102,'1',231),(354,'2024-04-05 06:24:56','2024-04-05 06:24:56',99,'1',232),(355,'2024-04-05 06:24:56','2024-04-05 06:24:56',102,'1',232),(356,'2024-04-05 06:24:57','2024-04-05 06:24:57',99,'1',233),(357,'2024-04-05 06:24:57','2024-04-05 06:24:57',102,'1',233),(358,'2024-04-05 06:24:58','2024-04-05 06:24:58',99,'1',234),(359,'2024-04-05 06:24:58','2024-04-05 06:24:58',102,'1',234),(360,'2024-04-05 06:24:59','2024-04-05 06:24:59',99,'1',235),(361,'2024-04-05 06:24:59','2024-04-05 06:24:59',102,'1',235),(362,'2024-04-05 06:25:00','2024-04-05 06:25:00',99,'1',236),(363,'2024-04-05 06:25:00','2024-04-05 06:25:00',102,'1',236),(364,'2024-04-05 06:25:01','2024-04-05 06:25:01',99,'1',237),(365,'2024-04-05 06:25:01','2024-04-05 06:25:01',102,'1',237),(366,'2024-04-05 06:25:03','2024-04-05 06:25:03',99,'1',238),(367,'2024-04-05 06:25:03','2024-04-05 06:25:03',102,'1',238),(368,'2024-04-05 06:25:03','2024-04-05 06:25:03',99,'1',239),(369,'2024-04-05 06:25:03','2024-04-05 06:25:03',102,'1',239),(370,'2024-04-05 06:25:05','2024-04-05 06:25:05',99,'1',240),(371,'2024-04-05 06:25:05','2024-04-05 06:25:05',102,'1',240),(372,'2024-04-05 06:25:06','2024-04-05 06:25:06',99,'1',241),(373,'2024-04-05 06:25:06','2024-04-05 06:25:06',102,'1',241),(374,'2024-04-05 06:25:07','2024-04-05 06:25:07',99,'1',242),(375,'2024-04-05 06:25:07','2024-04-05 06:25:07',102,'1',242),(376,'2024-04-05 06:25:18','2024-04-05 06:25:18',99,'1',243),(377,'2024-04-05 06:25:18','2024-04-05 06:25:18',102,'1',243),(378,'2024-04-05 06:25:18','2024-04-05 06:25:18',99,'1',244),(379,'2024-04-05 06:25:18','2024-04-05 06:25:18',102,'1',244),(380,'2024-04-05 06:25:18','2024-04-05 06:25:18',99,'1',245),(381,'2024-04-05 06:25:18','2024-04-05 06:25:18',102,'1',245),(382,'2024-04-05 06:25:19','2024-04-05 06:25:19',99,'1',246),(383,'2024-04-05 06:25:19','2024-04-05 06:25:19',102,'1',246),(384,'2024-04-05 06:25:21','2024-04-05 06:25:21',99,'1',247),(385,'2024-04-05 06:25:21','2024-04-05 06:25:21',102,'1',247),(386,'2024-04-05 06:25:21','2024-04-05 06:25:21',99,'1',248),(387,'2024-04-05 06:25:21','2024-04-05 06:25:21',102,'1',248),(388,'2024-04-05 06:25:21','2024-04-05 06:25:21',99,'1',249),(389,'2024-04-05 06:25:21','2024-04-05 06:25:21',102,'1',249),(390,'2024-04-05 06:25:22','2024-04-05 06:25:22',99,'1',250),(391,'2024-04-05 06:25:22','2024-04-05 06:25:22',102,'1',250),(392,'2024-04-05 06:25:22','2024-04-05 06:25:22',99,'1',251),(393,'2024-04-05 06:25:22','2024-04-05 06:25:22',102,'1',251),(394,'2024-04-05 06:25:23','2024-04-05 06:25:23',99,'1',252),(395,'2024-04-05 06:25:23','2024-04-05 06:25:23',102,'1',252),(396,'2024-04-05 06:25:24','2024-04-05 06:25:24',99,'1',253),(397,'2024-04-05 06:25:24','2024-04-05 06:25:24',102,'1',253),(398,'2024-04-05 06:25:24','2024-04-05 06:25:24',99,'1',254),(399,'2024-04-05 06:25:24','2024-04-05 06:25:24',102,'1',254),(400,'2024-04-05 06:25:25','2024-04-05 06:25:25',99,'1',255),(401,'2024-04-05 06:25:25','2024-04-05 06:25:25',102,'1',255),(402,'2024-04-05 06:25:26','2024-04-05 06:25:26',99,'1',256),(403,'2024-04-05 06:25:26','2024-04-05 06:25:26',102,'1',256),(404,'2024-04-05 06:25:27','2024-04-05 06:25:27',99,'1',257),(405,'2024-04-05 06:25:27','2024-04-05 06:25:27',102,'1',257),(406,'2024-04-05 06:25:28','2024-04-05 06:25:28',99,'1',258),(407,'2024-04-05 06:25:28','2024-04-05 06:25:28',102,'1',258),(408,'2024-04-05 06:25:29','2024-04-05 06:25:29',99,'1',259),(409,'2024-04-05 06:25:29','2024-04-05 06:25:29',102,'1',259),(410,'2024-04-05 06:25:30','2024-04-05 06:25:30',99,'1',260),(411,'2024-04-05 06:25:30','2024-04-05 06:25:30',102,'1',260),(412,'2024-04-05 06:25:32','2024-04-05 06:25:32',99,'1',261),(413,'2024-04-05 06:25:32','2024-04-05 06:25:32',102,'1',261),(414,'2024-04-05 06:25:33','2024-04-05 06:25:33',99,'1',262),(415,'2024-04-05 06:25:33','2024-04-05 06:25:33',102,'1',262),(416,'2024-04-05 06:25:33','2024-04-05 06:25:33',99,'1',263),(417,'2024-04-05 06:25:33','2024-04-05 06:25:33',102,'1',263),(418,'2024-04-05 06:25:34','2024-04-05 06:25:34',99,'1',264),(419,'2024-04-05 06:25:34','2024-04-05 06:25:34',102,'1',264),(420,'2024-04-05 06:25:40','2024-04-05 06:25:40',99,'1',265),(421,'2024-04-05 06:25:40','2024-04-05 06:25:40',102,'1',265),(422,'2024-04-05 06:25:40','2024-04-05 06:25:40',99,'1',266),(423,'2024-04-05 06:25:40','2024-04-05 06:25:40',102,'1',266),(424,'2024-04-05 06:25:41','2024-04-05 06:25:41',99,'1',267),(425,'2024-04-05 06:25:41','2024-04-05 06:25:41',102,'1',267),(426,'2024-04-05 06:25:41','2024-04-05 06:25:41',99,'1',268),(427,'2024-04-05 06:25:41','2024-04-05 06:25:41',102,'1',268),(428,'2024-04-05 06:25:42','2024-04-05 06:25:42',99,'1',269),(429,'2024-04-05 06:25:42','2024-04-05 06:25:42',102,'1',269),(430,'2024-04-05 06:25:43','2024-04-05 06:25:43',99,'1',270),(431,'2024-04-05 06:25:43','2024-04-05 06:25:43',102,'1',270),(432,'2024-04-05 06:25:43','2024-04-05 06:25:43',99,'1',271),(433,'2024-04-05 06:25:43','2024-04-05 06:25:43',102,'1',271),(434,'2024-04-05 06:25:44','2024-04-05 06:25:44',99,'1',272),(435,'2024-04-05 06:25:44','2024-04-05 06:25:44',102,'1',272),(436,'2024-04-05 06:25:45','2024-04-05 06:25:45',99,'1',273),(437,'2024-04-05 06:25:45','2024-04-05 06:25:45',102,'1',273),(438,'2024-04-05 06:25:45','2024-04-05 06:25:45',99,'1',274),(439,'2024-04-05 06:25:45','2024-04-05 06:25:45',102,'1',274),(440,'2024-04-05 06:25:46','2024-04-05 06:25:46',99,'1',275),(441,'2024-04-05 06:25:46','2024-04-05 06:25:46',102,'1',275),(442,'2024-04-05 06:25:47','2024-04-05 06:25:47',99,'1',276),(443,'2024-04-05 06:25:47','2024-04-05 06:25:47',102,'1',276),(444,'2024-04-05 06:25:49','2024-04-05 06:25:49',99,'1',277),(445,'2024-04-05 06:25:49','2024-04-05 06:25:49',102,'1',277),(446,'2024-04-05 06:25:49','2024-04-05 06:25:49',99,'1',278),(447,'2024-04-05 06:25:49','2024-04-05 06:25:49',102,'1',278),(448,'2024-04-05 06:25:50','2024-04-05 06:25:50',99,'1',279),(449,'2024-04-05 06:25:50','2024-04-05 06:25:50',102,'1',279),(450,'2024-04-05 06:25:50','2024-04-05 06:25:50',99,'1',280),(451,'2024-04-05 06:25:50','2024-04-05 06:25:50',102,'1',280),(452,'2024-04-05 06:25:50','2024-04-05 06:25:50',99,'1',281),(453,'2024-04-05 06:25:50','2024-04-05 06:25:50',102,'1',281),(454,'2024-04-05 06:25:52','2024-04-05 06:25:52',99,'1',282),(455,'2024-04-05 06:25:52','2024-04-05 06:25:52',102,'1',282),(456,'2024-04-05 06:25:52','2024-04-05 06:25:52',99,'1',283),(457,'2024-04-05 06:25:52','2024-04-05 06:25:52',102,'1',283),(458,'2024-04-05 06:25:52','2024-04-05 06:25:52',99,'1',284),(459,'2024-04-05 06:25:52','2024-04-05 06:25:52',102,'1',284),(460,'2024-04-05 06:25:58','2024-04-05 06:25:58',99,'1',285),(461,'2024-04-05 06:25:58','2024-04-05 06:25:58',102,'1',285),(462,'2024-04-05 06:25:59','2024-04-05 06:25:59',99,'1',286),(463,'2024-04-05 06:25:59','2024-04-05 06:25:59',102,'1',286),(464,'2024-04-05 06:26:03','2024-04-05 06:26:03',99,'1',287),(465,'2024-04-05 06:26:03','2024-04-05 06:26:03',102,'1',287),(466,'2024-04-05 06:26:13','2024-04-05 06:26:13',99,'1',288),(467,'2024-04-05 06:26:13','2024-04-05 06:26:13',102,'1',288),(468,'2024-04-05 06:26:13','2024-04-05 06:26:13',99,'1',289),(469,'2024-04-05 06:26:13','2024-04-05 06:26:13',102,'1',289),(470,'2024-04-05 06:26:14','2024-04-05 06:26:14',99,'1',290),(471,'2024-04-05 06:26:14','2024-04-05 06:26:14',102,'1',290),(472,'2024-04-05 06:26:14','2024-04-05 06:26:14',99,'1',291),(473,'2024-04-05 06:26:14','2024-04-05 06:26:14',102,'1',291),(474,'2024-04-05 06:26:14','2024-04-05 06:26:14',99,'1',292),(475,'2024-04-05 06:26:14','2024-04-05 06:26:14',102,'1',292),(476,'2024-04-05 06:26:14','2024-04-05 06:26:14',99,'1',293),(477,'2024-04-05 06:26:14','2024-04-05 06:26:14',102,'1',293),(478,'2024-04-05 06:26:15','2024-04-05 06:26:15',99,'1',294),(479,'2024-04-05 06:26:15','2024-04-05 06:26:15',102,'1',294),(480,'2024-04-05 06:26:15','2024-04-05 06:26:15',99,'1',295),(481,'2024-04-05 06:26:15','2024-04-05 06:26:15',102,'1',295),(482,'2024-04-05 06:26:16','2024-04-05 06:26:16',99,'1',296),(483,'2024-04-05 06:26:16','2024-04-05 06:26:16',102,'1',296),(484,'2024-04-05 06:26:17','2024-04-05 06:26:17',99,'1',297),(485,'2024-04-05 06:26:17','2024-04-05 06:26:17',102,'1',297),(486,'2024-04-05 06:26:22','2024-04-05 06:26:22',99,'1',298),(487,'2024-04-05 06:26:22','2024-04-05 06:26:22',102,'1',298),(488,'2024-04-05 06:26:23','2024-04-05 06:26:23',99,'1',299),(489,'2024-04-05 06:26:23','2024-04-05 06:26:23',102,'1',299),(490,'2024-04-05 06:26:30','2024-04-05 06:26:30',99,'1',300),(491,'2024-04-05 06:26:30','2024-04-05 06:26:30',102,'1',300),(492,'2024-04-05 06:26:34','2024-04-05 06:26:34',99,'1',301),(493,'2024-04-05 06:26:34','2024-04-05 06:26:34',102,'1',301),(494,'2024-04-05 06:26:35','2024-04-05 06:26:35',99,'1',302),(495,'2024-04-05 06:26:35','2024-04-05 06:26:35',102,'1',302),(496,'2024-04-05 06:26:35','2024-04-05 06:26:35',99,'1',303),(497,'2024-04-05 06:26:35','2024-04-05 06:26:35',102,'1',303),(498,'2024-04-05 06:28:14','2024-04-05 06:28:14',100,'1',304),(499,'2024-04-05 06:28:14','2024-04-05 06:28:14',95,'1',304),(500,'2024-04-05 06:28:15','2024-04-05 06:28:15',100,'1',305),(501,'2024-04-05 06:28:15','2024-04-05 06:28:15',95,'1',305),(502,'2024-04-05 06:28:15','2024-04-05 06:28:15',100,'1',306),(503,'2024-04-05 06:28:15','2024-04-05 06:28:15',95,'1',306),(504,'2024-04-05 06:28:15','2024-04-05 06:28:15',100,'1',307),(505,'2024-04-05 06:28:15','2024-04-05 06:28:15',95,'1',307),(506,'2024-04-05 06:28:15','2024-04-05 06:28:15',100,'1',308),(507,'2024-04-05 06:28:15','2024-04-05 06:28:15',95,'1',308),(508,'2024-04-05 06:28:15','2024-04-05 06:28:15',100,'1',309),(509,'2024-04-05 06:28:15','2024-04-05 06:28:15',95,'1',309),(510,'2024-04-05 06:28:16','2024-04-05 06:28:16',100,'1',310),(511,'2024-04-05 06:28:16','2024-04-05 06:28:16',95,'1',310),(512,'2024-04-05 06:28:16','2024-04-05 06:28:16',100,'1',311),(513,'2024-04-05 06:28:16','2024-04-05 06:28:16',95,'1',311),(514,'2024-04-05 06:28:16','2024-04-05 06:28:16',100,'1',312),(515,'2024-04-05 06:28:16','2024-04-05 06:28:16',95,'1',312),(516,'2024-04-05 06:28:16','2024-04-05 06:28:16',100,'1',313),(517,'2024-04-05 06:28:16','2024-04-05 06:28:16',95,'1',313),(518,'2024-04-05 06:28:17','2024-04-05 06:28:17',100,'1',314),(519,'2024-04-05 06:28:17','2024-04-05 06:28:17',95,'1',314),(520,'2024-04-05 06:28:17','2024-04-05 06:28:17',100,'1',315),(521,'2024-04-05 06:28:17','2024-04-05 06:28:17',95,'1',315),(522,'2024-04-05 06:28:17','2024-04-05 06:28:17',100,'1',316),(523,'2024-04-05 06:28:17','2024-04-05 06:28:17',95,'1',316),(524,'2024-04-05 06:28:17','2024-04-05 06:28:17',100,'1',317),(525,'2024-04-05 06:28:17','2024-04-05 06:28:17',95,'1',317),(526,'2024-04-05 06:28:17','2024-04-05 06:28:17',100,'1',318),(527,'2024-04-05 06:28:17','2024-04-05 06:28:17',95,'1',318),(528,'2024-04-05 06:28:18','2024-04-05 06:28:18',100,'1',319),(529,'2024-04-05 06:28:18','2024-04-05 06:28:18',95,'1',319),(530,'2024-04-05 06:28:18','2024-04-05 06:28:18',100,'1',320),(531,'2024-04-05 06:28:18','2024-04-05 06:28:18',95,'1',320),(532,'2024-04-05 06:28:18','2024-04-05 06:28:18',100,'1',321),(533,'2024-04-05 06:28:18','2024-04-05 06:28:18',95,'1',321),(534,'2024-04-05 06:28:18','2024-04-05 06:28:18',100,'1',322),(535,'2024-04-05 06:28:18','2024-04-05 06:28:18',95,'1',322),(536,'2024-04-05 06:28:18','2024-04-05 06:28:18',100,'1',323),(537,'2024-04-05 06:28:18','2024-04-05 06:28:18',95,'1',323),(538,'2024-04-05 06:28:19','2024-04-05 06:28:19',100,'1',324),(539,'2024-04-05 06:28:19','2024-04-05 06:28:19',95,'1',324),(540,'2024-04-05 06:28:19','2024-04-05 06:28:19',100,'1',325),(541,'2024-04-05 06:28:19','2024-04-05 06:28:19',95,'1',325),(542,'2024-04-05 06:28:19','2024-04-05 06:28:19',100,'1',326),(543,'2024-04-05 06:28:19','2024-04-05 06:28:19',95,'1',326),(544,'2024-04-05 06:28:19','2024-04-05 06:28:19',100,'1',327),(545,'2024-04-05 06:28:19','2024-04-05 06:28:19',95,'1',327),(546,'2024-04-05 06:28:20','2024-04-05 06:28:20',100,'1',328),(547,'2024-04-05 06:28:20','2024-04-05 06:28:20',95,'1',328),(548,'2024-04-05 06:28:20','2024-04-05 06:28:20',100,'1',329),(549,'2024-04-05 06:28:20','2024-04-05 06:28:20',95,'1',329),(550,'2024-04-05 06:28:20','2024-04-05 06:28:20',100,'1',330),(551,'2024-04-05 06:28:20','2024-04-05 06:28:20',95,'1',330),(552,'2024-04-05 06:28:21','2024-04-05 06:28:21',100,'1',331),(553,'2024-04-05 06:28:21','2024-04-05 06:28:21',95,'1',331),(554,'2024-04-05 06:28:22','2024-04-05 06:28:22',100,'1',332),(555,'2024-04-05 06:28:22','2024-04-05 06:28:22',95,'1',332),(556,'2024-04-05 06:28:23','2024-04-05 06:28:23',100,'1',333),(557,'2024-04-05 06:28:23','2024-04-05 06:28:23',95,'1',333),(558,'2024-04-05 06:28:23','2024-04-05 06:28:23',100,'1',334),(559,'2024-04-05 06:28:23','2024-04-05 06:28:23',95,'1',334),(560,'2024-04-05 06:28:25','2024-04-05 06:28:25',100,'1',335),(561,'2024-04-05 06:28:25','2024-04-05 06:28:25',95,'1',335),(562,'2024-04-05 06:28:26','2024-04-05 06:28:26',100,'1',336),(563,'2024-04-05 06:28:26','2024-04-05 06:28:26',95,'1',336),(564,'2024-04-05 06:28:30','2024-04-05 06:28:30',100,'1',337),(565,'2024-04-05 06:28:30','2024-04-05 06:28:30',95,'1',337),(566,'2024-04-05 06:28:33','2024-04-05 06:28:33',100,'1',338),(567,'2024-04-05 06:28:33','2024-04-05 06:28:33',95,'1',338),(568,'2024-04-05 06:28:33','2024-04-05 06:28:33',100,'1',339),(569,'2024-04-05 06:28:33','2024-04-05 06:28:33',95,'1',339),(570,'2024-04-05 06:28:34','2024-04-05 06:28:34',100,'1',340),(571,'2024-04-05 06:28:34','2024-04-05 06:28:34',95,'1',340),(572,'2024-04-05 06:28:34','2024-04-05 06:28:34',100,'1',341),(573,'2024-04-05 06:28:34','2024-04-05 06:28:34',95,'1',341),(574,'2024-04-05 06:28:34','2024-04-05 06:28:34',100,'1',342),(575,'2024-04-05 06:28:34','2024-04-05 06:28:34',95,'1',342),(576,'2024-04-05 06:28:35','2024-04-05 06:28:35',100,'1',343),(577,'2024-04-05 06:28:35','2024-04-05 06:28:35',95,'1',343),(578,'2024-04-05 06:28:36','2024-04-05 06:28:36',100,'1',344),(579,'2024-04-05 06:28:36','2024-04-05 06:28:36',95,'1',344),(580,'2024-04-05 06:28:36','2024-04-05 06:28:36',100,'1',345),(581,'2024-04-05 06:28:36','2024-04-05 06:28:36',95,'1',345),(582,'2024-04-05 06:28:37','2024-04-05 06:28:37',100,'1',346),(583,'2024-04-05 06:28:37','2024-04-05 06:28:37',95,'1',346),(584,'2024-04-05 06:28:38','2024-04-05 06:28:38',100,'1',347),(585,'2024-04-05 06:28:38','2024-04-05 06:28:38',95,'1',347),(586,'2024-04-05 06:28:38','2024-04-05 06:28:38',100,'1',348),(587,'2024-04-05 06:28:38','2024-04-05 06:28:38',95,'1',348),(588,'2024-04-05 06:28:39','2024-04-05 06:28:39',100,'1',349),(589,'2024-04-05 06:28:39','2024-04-05 06:28:39',95,'1',349),(590,'2024-04-05 06:28:39','2024-04-05 06:28:39',100,'1',350),(591,'2024-04-05 06:28:39','2024-04-05 06:28:39',95,'1',350),(592,'2024-04-05 06:28:44','2024-04-05 06:28:44',100,'1',351),(593,'2024-04-05 06:28:44','2024-04-05 06:28:44',95,'1',351),(594,'2024-04-05 06:28:45','2024-04-05 06:28:45',100,'1',352),(595,'2024-04-05 06:28:45','2024-04-05 06:28:45',95,'1',352),(596,'2024-04-05 06:28:46','2024-04-05 06:28:46',100,'1',353),(597,'2024-04-05 06:28:46','2024-04-05 06:28:46',95,'1',353),(598,'2024-04-05 06:28:47','2024-04-05 06:28:47',100,'1',354),(599,'2024-04-05 06:28:47','2024-04-05 06:28:47',95,'1',354),(600,'2024-04-05 06:28:48','2024-04-05 06:28:48',100,'1',355),(601,'2024-04-05 06:28:48','2024-04-05 06:28:48',95,'1',355),(602,'2024-04-05 06:28:50','2024-04-05 06:28:50',100,'1',356),(603,'2024-04-05 06:28:50','2024-04-05 06:28:50',95,'1',356),(604,'2024-04-05 06:28:54','2024-04-05 06:28:54',100,'1',357),(605,'2024-04-05 06:28:54','2024-04-05 06:28:54',95,'1',357),(606,'2024-04-05 06:28:54','2024-04-05 06:28:54',100,'1',358),(607,'2024-04-05 06:28:54','2024-04-05 06:28:54',95,'1',358),(608,'2024-04-05 06:29:02','2024-04-05 06:29:02',100,'1',359),(609,'2024-04-05 06:29:02','2024-04-05 06:29:02',95,'1',359),(610,'2024-04-05 06:29:02','2024-04-05 06:29:02',100,'1',360),(611,'2024-04-05 06:29:02','2024-04-05 06:29:02',95,'1',360),(612,'2024-04-05 06:29:02','2024-04-05 06:29:02',100,'1',361),(613,'2024-04-05 06:29:02','2024-04-05 06:29:02',95,'1',361),(614,'2024-04-05 06:29:03','2024-04-05 06:29:03',100,'1',362),(615,'2024-04-05 06:29:03','2024-04-05 06:29:03',95,'1',362),(616,'2024-04-05 06:29:03','2024-04-05 06:29:03',100,'1',363),(617,'2024-04-05 06:29:03','2024-04-05 06:29:03',95,'1',363),(618,'2024-04-05 06:29:03','2024-04-05 06:29:03',100,'1',364),(619,'2024-04-05 06:29:03','2024-04-05 06:29:03',95,'1',364),(620,'2024-04-05 06:29:03','2024-04-05 06:29:03',100,'1',365),(621,'2024-04-05 06:29:03','2024-04-05 06:29:03',95,'1',365),(622,'2024-04-05 06:29:03','2024-04-05 06:29:03',100,'1',366),(623,'2024-04-05 06:29:03','2024-04-05 06:29:03',95,'1',366),(624,'2024-04-05 06:29:04','2024-04-05 06:29:04',100,'1',367),(625,'2024-04-05 06:29:04','2024-04-05 06:29:04',95,'1',367),(626,'2024-04-05 06:29:04','2024-04-05 06:29:04',100,'1',368),(627,'2024-04-05 06:29:04','2024-04-05 06:29:04',95,'1',368),(628,'2024-04-05 06:29:04','2024-04-05 06:29:04',100,'1',369),(629,'2024-04-05 06:29:04','2024-04-05 06:29:04',95,'1',369),(630,'2024-04-05 06:29:05','2024-04-05 06:29:05',100,'1',370),(631,'2024-04-05 06:29:05','2024-04-05 06:29:05',95,'1',370),(632,'2024-04-05 06:29:05','2024-04-05 06:29:05',100,'1',371),(633,'2024-04-05 06:29:05','2024-04-05 06:29:05',95,'1',371),(634,'2024-04-05 06:29:08','2024-04-05 06:29:08',100,'1',372),(635,'2024-04-05 06:29:08','2024-04-05 06:29:08',95,'1',372),(636,'2024-04-05 06:29:08','2024-04-05 06:29:08',100,'1',373),(637,'2024-04-05 06:29:08','2024-04-05 06:29:08',95,'1',373),(638,'2024-04-05 06:29:08','2024-04-05 06:29:08',100,'1',374),(639,'2024-04-05 06:29:08','2024-04-05 06:29:08',95,'1',374),(640,'2024-04-05 06:29:08','2024-04-05 06:29:08',100,'1',375),(641,'2024-04-05 06:29:08','2024-04-05 06:29:08',95,'1',375),(642,'2024-04-05 06:29:10','2024-04-05 06:29:10',100,'1',376),(643,'2024-04-05 06:29:10','2024-04-05 06:29:10',95,'1',376),(644,'2024-04-05 06:29:10','2024-04-05 06:29:10',100,'1',377),(645,'2024-04-05 06:29:10','2024-04-05 06:29:10',95,'1',377),(646,'2024-04-05 06:29:12','2024-04-05 06:29:12',100,'1',378),(647,'2024-04-05 06:29:12','2024-04-05 06:29:12',95,'1',378),(648,'2024-04-05 06:29:12','2024-04-05 06:29:12',100,'1',379),(649,'2024-04-05 06:29:12','2024-04-05 06:29:12',95,'1',379),(650,'2024-04-05 06:29:13','2024-04-05 06:29:13',100,'1',380),(651,'2024-04-05 06:29:13','2024-04-05 06:29:13',95,'1',380),(652,'2024-04-05 06:29:15','2024-04-05 06:29:15',100,'1',381),(653,'2024-04-05 06:29:15','2024-04-05 06:29:15',95,'1',381),(654,'2024-04-05 06:29:17','2024-04-05 06:29:17',100,'1',382),(655,'2024-04-05 06:29:17','2024-04-05 06:29:17',95,'1',382),(656,'2024-04-05 06:29:18','2024-04-05 06:29:18',100,'1',383),(657,'2024-04-05 06:29:18','2024-04-05 06:29:18',95,'1',383),(658,'2024-04-05 06:29:19','2024-04-05 06:29:19',100,'1',384),(659,'2024-04-05 06:29:19','2024-04-05 06:29:19',95,'1',384),(660,'2024-04-05 06:29:19','2024-04-05 06:29:19',100,'1',385),(661,'2024-04-05 06:29:19','2024-04-05 06:29:19',95,'1',385),(662,'2024-04-05 06:29:21','2024-04-05 06:29:21',100,'1',386),(663,'2024-04-05 06:29:21','2024-04-05 06:29:21',95,'1',386),(664,'2024-04-05 06:29:23','2024-04-05 06:29:23',100,'1',387),(665,'2024-04-05 06:29:23','2024-04-05 06:29:23',95,'1',387),(666,'2024-04-05 06:29:23','2024-04-05 06:29:23',100,'1',388),(667,'2024-04-05 06:29:23','2024-04-05 06:29:23',95,'1',388),(668,'2024-04-05 06:29:27','2024-04-05 06:29:27',100,'1',389),(669,'2024-04-05 06:29:27','2024-04-05 06:29:27',95,'1',389),(670,'2024-04-05 06:29:33','2024-04-05 06:29:33',100,'1',390),(671,'2024-04-05 06:29:33','2024-04-05 06:29:33',95,'1',390),(672,'2024-04-05 06:29:33','2024-04-05 06:29:33',100,'1',391),(673,'2024-04-05 06:29:33','2024-04-05 06:29:33',95,'1',391),(674,'2024-04-05 06:29:33','2024-04-05 06:29:33',100,'1',392),(675,'2024-04-05 06:29:33','2024-04-05 06:29:33',95,'1',392),(676,'2024-04-05 06:29:35','2024-04-05 06:29:35',100,'1',393),(677,'2024-04-05 06:29:35','2024-04-05 06:29:35',95,'1',393),(678,'2024-04-05 06:29:36','2024-04-05 06:29:36',100,'1',394),(679,'2024-04-05 06:29:36','2024-04-05 06:29:36',95,'1',394),(680,'2024-04-05 06:29:44','2024-04-05 06:29:44',100,'1',395),(681,'2024-04-05 06:29:44','2024-04-05 06:29:44',95,'1',395),(682,'2024-04-05 06:29:44','2024-04-05 06:29:44',100,'1',396),(683,'2024-04-05 06:29:44','2024-04-05 06:29:44',95,'1',396),(684,'2024-04-05 06:29:46','2024-04-05 06:29:46',100,'1',397),(685,'2024-04-05 06:29:46','2024-04-05 06:29:46',95,'1',397),(686,'2024-04-05 06:29:47','2024-04-05 06:29:47',100,'1',398),(687,'2024-04-05 06:29:47','2024-04-05 06:29:47',95,'1',398),(688,'2024-04-05 06:29:47','2024-04-05 06:29:47',100,'1',399),(689,'2024-04-05 06:29:47','2024-04-05 06:29:47',95,'1',399),(690,'2024-04-05 06:29:48','2024-04-05 06:29:48',100,'1',400),(691,'2024-04-05 06:29:48','2024-04-05 06:29:48',95,'1',400),(692,'2024-04-05 06:29:48','2024-04-05 06:29:48',100,'1',401),(693,'2024-04-05 06:29:48','2024-04-05 06:29:48',95,'1',401),(694,'2024-04-05 06:31:37','2024-04-05 06:31:37',87,'1',402),(695,'2024-04-05 06:31:37','2024-04-05 06:31:37',86,'1',402),(696,'2024-04-05 06:31:37','2024-04-05 06:31:37',63,'1',402),(697,'2024-04-05 06:31:37','2024-04-05 06:31:37',87,'1',403),(698,'2024-04-05 06:31:37','2024-04-05 06:31:37',86,'1',403),(699,'2024-04-05 06:31:37','2024-04-05 06:31:37',63,'1',403),(700,'2024-04-05 06:31:37','2024-04-05 06:31:37',87,'1',404),(701,'2024-04-05 06:31:37','2024-04-05 06:31:37',86,'1',404),(702,'2024-04-05 06:31:37','2024-04-05 06:31:37',63,'1',404),(703,'2024-04-05 06:31:38','2024-04-05 06:31:38',87,'1',405),(704,'2024-04-05 06:31:38','2024-04-05 06:31:38',86,'1',405),(705,'2024-04-05 06:31:38','2024-04-05 06:31:38',63,'1',405),(706,'2024-04-05 06:31:38','2024-04-05 06:31:38',87,'1',406),(707,'2024-04-05 06:31:38','2024-04-05 06:31:38',86,'1',406),(708,'2024-04-05 06:31:38','2024-04-05 06:31:38',63,'1',406),(709,'2024-04-05 06:31:38','2024-04-05 06:31:38',87,'1',407),(710,'2024-04-05 06:31:38','2024-04-05 06:31:38',86,'1',407),(711,'2024-04-05 06:31:38','2024-04-05 06:31:38',63,'1',407),(712,'2024-04-05 06:31:38','2024-04-05 06:31:38',87,'1',408),(713,'2024-04-05 06:31:38','2024-04-05 06:31:38',86,'1',408),(714,'2024-04-05 06:31:38','2024-04-05 06:31:38',63,'1',408),(715,'2024-04-05 06:31:38','2024-04-05 06:31:38',87,'1',409),(716,'2024-04-05 06:31:38','2024-04-05 06:31:38',86,'1',409),(717,'2024-04-05 06:31:38','2024-04-05 06:31:38',63,'1',409),(718,'2024-04-05 06:31:39','2024-04-05 06:31:39',87,'1',410),(719,'2024-04-05 06:31:39','2024-04-05 06:31:39',86,'1',410),(720,'2024-04-05 06:31:39','2024-04-05 06:31:39',63,'1',410),(721,'2024-04-05 06:31:39','2024-04-05 06:31:39',87,'1',411),(722,'2024-04-05 06:31:39','2024-04-05 06:31:39',86,'1',411),(723,'2024-04-05 06:31:39','2024-04-05 06:31:39',63,'1',411),(724,'2024-04-05 06:31:39','2024-04-05 06:31:39',87,'1',412),(725,'2024-04-05 06:31:39','2024-04-05 06:31:39',86,'1',412),(726,'2024-04-05 06:31:39','2024-04-05 06:31:39',63,'1',412),(727,'2024-04-05 06:31:39','2024-04-05 06:31:39',87,'1',413),(728,'2024-04-05 06:31:39','2024-04-05 06:31:39',86,'1',413),(729,'2024-04-05 06:31:39','2024-04-05 06:31:39',63,'1',413),(730,'2024-04-05 06:31:39','2024-04-05 06:31:39',87,'1',414),(731,'2024-04-05 06:31:39','2024-04-05 06:31:39',86,'1',414),(732,'2024-04-05 06:31:39','2024-04-05 06:31:39',63,'1',414),(733,'2024-04-05 06:31:40','2024-04-05 06:31:40',87,'1',415),(734,'2024-04-05 06:31:40','2024-04-05 06:31:40',86,'1',415),(735,'2024-04-05 06:31:40','2024-04-05 06:31:40',63,'1',415),(736,'2024-04-05 06:31:40','2024-04-05 06:31:40',87,'1',416),(737,'2024-04-05 06:31:40','2024-04-05 06:31:40',86,'1',416),(738,'2024-04-05 06:31:40','2024-04-05 06:31:40',63,'1',416),(739,'2024-04-05 06:31:40','2024-04-05 06:31:40',87,'1',417),(740,'2024-04-05 06:31:40','2024-04-05 06:31:40',86,'1',417),(741,'2024-04-05 06:31:40','2024-04-05 06:31:40',63,'1',417),(742,'2024-04-05 06:31:40','2024-04-05 06:31:40',87,'1',418),(743,'2024-04-05 06:31:40','2024-04-05 06:31:40',86,'1',418),(744,'2024-04-05 06:31:40','2024-04-05 06:31:40',63,'1',418),(745,'2024-04-05 06:31:40','2024-04-05 06:31:40',87,'1',419),(746,'2024-04-05 06:31:40','2024-04-05 06:31:40',86,'1',419),(747,'2024-04-05 06:31:40','2024-04-05 06:31:40',63,'1',419),(748,'2024-04-05 06:31:41','2024-04-05 06:31:41',87,'1',420),(749,'2024-04-05 06:31:41','2024-04-05 06:31:41',86,'1',420),(750,'2024-04-05 06:31:41','2024-04-05 06:31:41',63,'1',420),(751,'2024-04-05 06:31:41','2024-04-05 06:31:41',87,'1',421),(752,'2024-04-05 06:31:41','2024-04-05 06:31:41',86,'1',421),(753,'2024-04-05 06:31:41','2024-04-05 06:31:41',63,'1',421),(754,'2024-04-05 06:31:41','2024-04-05 06:31:41',87,'1',422),(755,'2024-04-05 06:31:41','2024-04-05 06:31:41',86,'1',422),(756,'2024-04-05 06:31:41','2024-04-05 06:31:41',63,'1',422),(757,'2024-04-05 06:31:41','2024-04-05 06:31:41',87,'1',423),(758,'2024-04-05 06:31:41','2024-04-05 06:31:41',86,'1',423),(759,'2024-04-05 06:31:41','2024-04-05 06:31:41',63,'1',423),(760,'2024-04-05 06:31:41','2024-04-05 06:31:41',87,'1',424),(761,'2024-04-05 06:31:41','2024-04-05 06:31:41',86,'1',424),(762,'2024-04-05 06:31:41','2024-04-05 06:31:41',63,'1',424),(763,'2024-04-05 06:31:42','2024-04-05 06:31:42',87,'1',425),(764,'2024-04-05 06:31:42','2024-04-05 06:31:42',86,'1',425),(765,'2024-04-05 06:31:42','2024-04-05 06:31:42',63,'1',425),(766,'2024-04-05 06:31:42','2024-04-05 06:31:42',87,'1',426),(767,'2024-04-05 06:31:42','2024-04-05 06:31:42',86,'1',426),(768,'2024-04-05 06:31:42','2024-04-05 06:31:42',63,'1',426),(769,'2024-04-05 06:31:42','2024-04-05 06:31:42',87,'1',427),(770,'2024-04-05 06:31:42','2024-04-05 06:31:42',86,'1',427),(771,'2024-04-05 06:31:42','2024-04-05 06:31:42',63,'1',427),(772,'2024-04-05 06:31:45','2024-04-05 06:31:45',87,'1',428),(773,'2024-04-05 06:31:45','2024-04-05 06:31:45',86,'1',428),(774,'2024-04-05 06:31:45','2024-04-05 06:31:45',63,'1',428),(775,'2024-04-05 06:31:46','2024-04-05 06:31:46',87,'1',429),(776,'2024-04-05 06:31:46','2024-04-05 06:31:46',86,'1',429),(777,'2024-04-05 06:31:46','2024-04-05 06:31:46',63,'1',429),(778,'2024-04-05 06:31:46','2024-04-05 06:31:46',87,'1',430),(779,'2024-04-05 06:31:46','2024-04-05 06:31:46',86,'1',430),(780,'2024-04-05 06:31:46','2024-04-05 06:31:46',63,'1',430),(781,'2024-04-05 06:31:46','2024-04-05 06:31:46',87,'1',431),(782,'2024-04-05 06:31:46','2024-04-05 06:31:46',86,'1',431),(783,'2024-04-05 06:31:46','2024-04-05 06:31:46',63,'1',431),(784,'2024-04-05 06:31:47','2024-04-05 06:31:47',87,'1',432),(785,'2024-04-05 06:31:47','2024-04-05 06:31:47',86,'1',432),(786,'2024-04-05 06:31:47','2024-04-05 06:31:47',63,'1',432),(787,'2024-04-05 06:31:49','2024-04-05 06:31:49',87,'1',433),(788,'2024-04-05 06:31:49','2024-04-05 06:31:49',86,'1',433),(789,'2024-04-05 06:31:49','2024-04-05 06:31:49',63,'1',433),(790,'2024-04-05 06:31:49','2024-04-05 06:31:49',87,'1',434),(791,'2024-04-05 06:31:49','2024-04-05 06:31:49',86,'1',434),(792,'2024-04-05 06:31:49','2024-04-05 06:31:49',63,'1',434),(793,'2024-04-05 06:31:50','2024-04-05 06:31:50',87,'1',435),(794,'2024-04-05 06:31:50','2024-04-05 06:31:50',86,'1',435),(795,'2024-04-05 06:31:50','2024-04-05 06:31:50',63,'1',435),(796,'2024-04-05 06:31:50','2024-04-05 06:31:50',87,'1',436),(797,'2024-04-05 06:31:50','2024-04-05 06:31:50',86,'1',436),(798,'2024-04-05 06:31:50','2024-04-05 06:31:50',63,'1',436),(799,'2024-04-05 06:31:51','2024-04-05 06:31:51',87,'1',437),(800,'2024-04-05 06:31:51','2024-04-05 06:31:51',86,'1',437),(801,'2024-04-05 06:31:51','2024-04-05 06:31:51',63,'1',437),(802,'2024-04-05 06:31:52','2024-04-05 06:31:52',87,'1',438),(803,'2024-04-05 06:31:52','2024-04-05 06:31:52',86,'1',438),(804,'2024-04-05 06:31:52','2024-04-05 06:31:52',63,'1',438),(805,'2024-04-05 06:31:54','2024-04-05 06:31:54',87,'1',439),(806,'2024-04-05 06:31:54','2024-04-05 06:31:54',86,'1',439),(807,'2024-04-05 06:31:54','2024-04-05 06:31:54',63,'1',439),(808,'2024-04-05 06:31:54','2024-04-05 06:31:54',87,'1',440),(809,'2024-04-05 06:31:54','2024-04-05 06:31:54',86,'1',440),(810,'2024-04-05 06:31:54','2024-04-05 06:31:54',63,'1',440),(811,'2024-04-05 06:31:55','2024-04-05 06:31:55',87,'1',441),(812,'2024-04-05 06:31:55','2024-04-05 06:31:55',86,'1',441),(813,'2024-04-05 06:31:55','2024-04-05 06:31:55',63,'1',441),(814,'2024-04-05 06:31:56','2024-04-05 06:31:56',87,'1',442),(815,'2024-04-05 06:31:56','2024-04-05 06:31:56',86,'1',442),(816,'2024-04-05 06:31:56','2024-04-05 06:31:56',63,'1',442),(817,'2024-04-05 06:31:57','2024-04-05 06:31:57',87,'1',443),(818,'2024-04-05 06:31:57','2024-04-05 06:31:57',86,'1',443),(819,'2024-04-05 06:31:57','2024-04-05 06:31:57',63,'1',443),(820,'2024-04-05 06:31:57','2024-04-05 06:31:57',87,'1',444),(821,'2024-04-05 06:31:57','2024-04-05 06:31:57',86,'1',444),(822,'2024-04-05 06:31:57','2024-04-05 06:31:57',63,'1',444),(823,'2024-04-05 06:32:11','2024-04-05 06:32:11',87,'1',445),(824,'2024-04-05 06:32:11','2024-04-05 06:32:11',86,'1',445),(825,'2024-04-05 06:32:11','2024-04-05 06:32:11',63,'1',445),(826,'2024-04-05 06:32:11','2024-04-05 06:32:11',87,'1',446),(827,'2024-04-05 06:32:11','2024-04-05 06:32:11',86,'1',446),(828,'2024-04-05 06:32:11','2024-04-05 06:32:11',63,'1',446),(829,'2024-04-05 06:32:12','2024-04-05 06:32:12',87,'1',447),(830,'2024-04-05 06:32:12','2024-04-05 06:32:12',86,'1',447),(831,'2024-04-05 06:32:12','2024-04-05 06:32:12',63,'1',447),(832,'2024-04-05 06:32:14','2024-04-05 06:32:14',87,'1',448),(833,'2024-04-05 06:32:14','2024-04-05 06:32:14',86,'1',448),(834,'2024-04-05 06:32:14','2024-04-05 06:32:14',63,'1',448),(835,'2024-04-05 06:32:15','2024-04-05 06:32:15',87,'1',449),(836,'2024-04-05 06:32:15','2024-04-05 06:32:15',86,'1',449),(837,'2024-04-05 06:32:15','2024-04-05 06:32:15',63,'1',449),(838,'2024-04-05 06:32:17','2024-04-05 06:32:17',87,'1',450),(839,'2024-04-05 06:32:17','2024-04-05 06:32:17',86,'1',450),(840,'2024-04-05 06:32:17','2024-04-05 06:32:17',63,'1',450),(841,'2024-04-05 06:32:17','2024-04-05 06:32:17',87,'1',451),(842,'2024-04-05 06:32:17','2024-04-05 06:32:17',86,'1',451),(843,'2024-04-05 06:32:17','2024-04-05 06:32:17',63,'1',451),(844,'2024-04-05 06:32:17','2024-04-05 06:32:17',87,'1',452),(845,'2024-04-05 06:32:17','2024-04-05 06:32:17',86,'1',452),(846,'2024-04-05 06:32:17','2024-04-05 06:32:17',63,'1',452),(847,'2024-04-05 06:32:18','2024-04-05 06:32:18',87,'1',453),(848,'2024-04-05 06:32:18','2024-04-05 06:32:18',86,'1',453),(849,'2024-04-05 06:32:18','2024-04-05 06:32:18',63,'1',453),(850,'2024-04-05 06:32:18','2024-04-05 06:32:18',87,'1',454),(851,'2024-04-05 06:32:18','2024-04-05 06:32:18',86,'1',454),(852,'2024-04-05 06:32:18','2024-04-05 06:32:18',63,'1',454),(853,'2024-04-05 06:32:19','2024-04-05 06:32:19',87,'1',455),(854,'2024-04-05 06:32:19','2024-04-05 06:32:19',86,'1',455),(855,'2024-04-05 06:32:19','2024-04-05 06:32:19',63,'1',455),(856,'2024-04-05 06:32:20','2024-04-05 06:32:20',87,'1',456),(857,'2024-04-05 06:32:20','2024-04-05 06:32:20',86,'1',456),(858,'2024-04-05 06:32:20','2024-04-05 06:32:20',63,'1',456),(859,'2024-04-05 06:32:21','2024-04-05 06:32:21',87,'1',457),(860,'2024-04-05 06:32:21','2024-04-05 06:32:21',86,'1',457),(861,'2024-04-05 06:32:21','2024-04-05 06:32:21',63,'1',457),(862,'2024-04-05 06:32:21','2024-04-05 06:32:21',87,'1',458),(863,'2024-04-05 06:32:21','2024-04-05 06:32:21',86,'1',458),(864,'2024-04-05 06:32:21','2024-04-05 06:32:21',63,'1',458),(865,'2024-04-05 06:32:21','2024-04-05 06:32:21',87,'1',459),(866,'2024-04-05 06:32:21','2024-04-05 06:32:21',86,'1',459),(867,'2024-04-05 06:32:21','2024-04-05 06:32:21',63,'1',459),(868,'2024-04-05 06:32:22','2024-04-05 06:32:22',87,'1',460),(869,'2024-04-05 06:32:22','2024-04-05 06:32:22',86,'1',460),(870,'2024-04-05 06:32:22','2024-04-05 06:32:22',63,'1',460),(871,'2024-04-05 06:32:24','2024-04-05 06:32:24',87,'1',461),(872,'2024-04-05 06:32:24','2024-04-05 06:32:24',86,'1',461),(873,'2024-04-05 06:32:24','2024-04-05 06:32:24',63,'1',461),(874,'2024-04-05 06:32:24','2024-04-05 06:32:24',87,'1',462),(875,'2024-04-05 06:32:24','2024-04-05 06:32:24',86,'1',462),(876,'2024-04-05 06:32:24','2024-04-05 06:32:24',63,'1',462),(877,'2024-04-05 06:32:24','2024-04-05 06:32:24',87,'1',463),(878,'2024-04-05 06:32:24','2024-04-05 06:32:24',86,'1',463),(879,'2024-04-05 06:32:24','2024-04-05 06:32:24',63,'1',463),(880,'2024-04-05 06:32:26','2024-04-05 06:32:26',87,'1',464),(881,'2024-04-05 06:32:26','2024-04-05 06:32:26',86,'1',464),(882,'2024-04-05 06:32:26','2024-04-05 06:32:26',63,'1',464),(883,'2024-04-05 06:32:27','2024-04-05 06:32:27',87,'1',465),(884,'2024-04-05 06:32:27','2024-04-05 06:32:27',86,'1',465),(885,'2024-04-05 06:32:27','2024-04-05 06:32:27',63,'1',465),(886,'2024-04-05 06:32:27','2024-04-05 06:32:27',87,'1',466),(887,'2024-04-05 06:32:27','2024-04-05 06:32:27',86,'1',466),(888,'2024-04-05 06:32:27','2024-04-05 06:32:27',63,'1',466),(889,'2024-04-05 06:32:28','2024-04-05 06:32:28',87,'1',467),(890,'2024-04-05 06:32:28','2024-04-05 06:32:28',86,'1',467),(891,'2024-04-05 06:32:28','2024-04-05 06:32:28',63,'1',467),(892,'2024-04-05 06:32:28','2024-04-05 06:32:28',87,'1',468),(893,'2024-04-05 06:32:28','2024-04-05 06:32:28',86,'1',468),(894,'2024-04-05 06:32:28','2024-04-05 06:32:28',63,'1',468),(895,'2024-04-05 06:32:29','2024-04-05 06:32:29',87,'1',469),(896,'2024-04-05 06:32:29','2024-04-05 06:32:29',86,'1',469),(897,'2024-04-05 06:32:29','2024-04-05 06:32:29',63,'1',469),(898,'2024-04-05 06:32:30','2024-04-05 06:32:30',87,'1',470),(899,'2024-04-05 06:32:30','2024-04-05 06:32:30',86,'1',470),(900,'2024-04-05 06:32:30','2024-04-05 06:32:30',63,'1',470),(901,'2024-04-05 06:32:33','2024-04-05 06:32:33',87,'1',471),(902,'2024-04-05 06:32:33','2024-04-05 06:32:33',86,'1',471),(903,'2024-04-05 06:32:33','2024-04-05 06:32:33',63,'1',471),(904,'2024-04-05 06:32:33','2024-04-05 06:32:33',87,'1',472),(905,'2024-04-05 06:32:33','2024-04-05 06:32:33',86,'1',472),(906,'2024-04-05 06:32:33','2024-04-05 06:32:33',63,'1',472),(907,'2024-04-05 06:32:34','2024-04-05 06:32:34',87,'1',473),(908,'2024-04-05 06:32:34','2024-04-05 06:32:34',86,'1',473),(909,'2024-04-05 06:32:34','2024-04-05 06:32:34',63,'1',473),(910,'2024-04-05 06:32:34','2024-04-05 06:32:34',87,'1',474),(911,'2024-04-05 06:32:34','2024-04-05 06:32:34',86,'1',474),(912,'2024-04-05 06:32:34','2024-04-05 06:32:34',63,'1',474),(913,'2024-04-05 06:32:40','2024-04-05 06:32:40',87,'1',475),(914,'2024-04-05 06:32:40','2024-04-05 06:32:40',86,'1',475),(915,'2024-04-05 06:32:40','2024-04-05 06:32:40',63,'1',475),(916,'2024-04-05 06:32:40','2024-04-05 06:32:40',87,'1',476),(917,'2024-04-05 06:32:40','2024-04-05 06:32:40',86,'1',476),(918,'2024-04-05 06:32:40','2024-04-05 06:32:40',63,'1',476),(919,'2024-04-05 06:32:41','2024-04-05 06:32:41',87,'1',477),(920,'2024-04-05 06:32:41','2024-04-05 06:32:41',86,'1',477),(921,'2024-04-05 06:32:41','2024-04-05 06:32:41',63,'1',477),(922,'2024-04-05 06:32:42','2024-04-05 06:32:42',87,'1',478),(923,'2024-04-05 06:32:42','2024-04-05 06:32:42',86,'1',478),(924,'2024-04-05 06:32:42','2024-04-05 06:32:42',63,'1',478),(925,'2024-04-05 06:32:43','2024-04-05 06:32:43',87,'1',479),(926,'2024-04-05 06:32:43','2024-04-05 06:32:43',86,'1',479),(927,'2024-04-05 06:32:43','2024-04-05 06:32:43',63,'1',479),(928,'2024-04-05 06:32:44','2024-04-05 06:32:44',87,'1',480),(929,'2024-04-05 06:32:44','2024-04-05 06:32:44',86,'1',480),(930,'2024-04-05 06:32:44','2024-04-05 06:32:44',63,'1',480),(931,'2024-04-05 06:32:45','2024-04-05 06:32:45',87,'1',481),(932,'2024-04-05 06:32:45','2024-04-05 06:32:45',86,'1',481),(933,'2024-04-05 06:32:45','2024-04-05 06:32:45',63,'1',481),(934,'2024-04-05 06:32:46','2024-04-05 06:32:46',87,'1',482),(935,'2024-04-05 06:32:46','2024-04-05 06:32:46',86,'1',482),(936,'2024-04-05 06:32:46','2024-04-05 06:32:46',63,'1',482),(937,'2024-04-05 06:32:51','2024-04-05 06:32:51',87,'1',483),(938,'2024-04-05 06:32:51','2024-04-05 06:32:51',86,'1',483),(939,'2024-04-05 06:32:51','2024-04-05 06:32:51',63,'1',483),(940,'2024-04-05 06:32:52','2024-04-05 06:32:52',87,'1',484),(941,'2024-04-05 06:32:52','2024-04-05 06:32:52',86,'1',484),(942,'2024-04-05 06:32:52','2024-04-05 06:32:52',63,'1',484),(943,'2024-04-05 06:32:53','2024-04-05 06:32:53',87,'1',485),(944,'2024-04-05 06:32:53','2024-04-05 06:32:53',86,'1',485),(945,'2024-04-05 06:32:53','2024-04-05 06:32:53',63,'1',485),(946,'2024-04-05 06:32:54','2024-04-05 06:32:54',87,'1',486),(947,'2024-04-05 06:32:54','2024-04-05 06:32:54',86,'1',486),(948,'2024-04-05 06:32:54','2024-04-05 06:32:54',63,'1',486),(949,'2024-04-05 06:32:55','2024-04-05 06:32:55',87,'1',487),(950,'2024-04-05 06:32:55','2024-04-05 06:32:55',86,'1',487),(951,'2024-04-05 06:32:55','2024-04-05 06:32:55',63,'1',487),(952,'2024-04-05 06:32:55','2024-04-05 06:32:55',87,'1',488),(953,'2024-04-05 06:32:55','2024-04-05 06:32:55',86,'1',488),(954,'2024-04-05 06:32:55','2024-04-05 06:32:55',63,'1',488),(955,'2024-04-05 06:32:56','2024-04-05 06:32:56',87,'1',489),(956,'2024-04-05 06:32:56','2024-04-05 06:32:56',86,'1',489),(957,'2024-04-05 06:32:56','2024-04-05 06:32:56',63,'1',489),(958,'2024-04-05 06:32:56','2024-04-05 06:32:56',87,'1',490),(959,'2024-04-05 06:32:56','2024-04-05 06:32:56',86,'1',490),(960,'2024-04-05 06:32:56','2024-04-05 06:32:56',63,'1',490),(961,'2024-04-05 06:32:57','2024-04-05 06:32:57',87,'1',491),(962,'2024-04-05 06:32:57','2024-04-05 06:32:57',86,'1',491),(963,'2024-04-05 06:32:57','2024-04-05 06:32:57',63,'1',491),(964,'2024-04-05 06:32:57','2024-04-05 06:32:57',87,'1',492),(965,'2024-04-05 06:32:57','2024-04-05 06:32:57',86,'1',492),(966,'2024-04-05 06:32:57','2024-04-05 06:32:57',63,'1',492),(967,'2024-04-05 06:32:58','2024-04-05 06:32:58',87,'1',493),(968,'2024-04-05 06:32:58','2024-04-05 06:32:58',86,'1',493),(969,'2024-04-05 06:32:58','2024-04-05 06:32:58',63,'1',493),(970,'2024-04-05 06:32:59','2024-04-05 06:32:59',87,'1',494),(971,'2024-04-05 06:32:59','2024-04-05 06:32:59',86,'1',494),(972,'2024-04-05 06:32:59','2024-04-05 06:32:59',63,'1',494),(973,'2024-04-05 06:33:00','2024-04-05 06:33:00',87,'1',495),(974,'2024-04-05 06:33:00','2024-04-05 06:33:00',86,'1',495),(975,'2024-04-05 06:33:00','2024-04-05 06:33:00',63,'1',495),(976,'2024-04-05 06:33:00','2024-04-05 06:33:00',87,'1',496),(977,'2024-04-05 06:33:00','2024-04-05 06:33:00',86,'1',496),(978,'2024-04-05 06:33:00','2024-04-05 06:33:00',63,'1',496),(979,'2024-04-05 06:33:05','2024-04-05 06:33:05',87,'1',497),(980,'2024-04-05 06:33:05','2024-04-05 06:33:05',86,'1',497),(981,'2024-04-05 06:33:05','2024-04-05 06:33:05',63,'1',497),(982,'2024-04-05 06:33:06','2024-04-05 06:33:06',87,'1',498),(983,'2024-04-05 06:33:06','2024-04-05 06:33:06',86,'1',498),(984,'2024-04-05 06:33:06','2024-04-05 06:33:06',63,'1',498),(985,'2024-04-05 06:33:09','2024-04-05 06:33:09',87,'1',499),(986,'2024-04-05 06:33:09','2024-04-05 06:33:09',86,'1',499),(987,'2024-04-05 06:33:09','2024-04-05 06:33:09',63,'1',499),(988,'2024-04-05 06:33:14','2024-04-05 06:33:14',87,'1',500),(989,'2024-04-05 06:33:14','2024-04-05 06:33:14',86,'1',500),(990,'2024-04-05 06:33:14','2024-04-05 06:33:14',63,'1',500);
/*!40000 ALTER TABLE `history` ENABLE KEYS */;
UNLOCK TABLES;

--
-- Table structure for table `orders`
--

DROP TABLE IF EXISTS `orders`;
/*!40101 SET @saved_cs_client     = @@character_set_client */;
/*!50503 SET character_set_client = utf8mb4 */;
CREATE TABLE `orders` (
  `O_ID` int NOT NULL AUTO_INCREMENT,
  `totalprice` decimal(10,0) DEFAULT NULL,
  `paymentmethod` varchar(20) DEFAULT NULL,
  `C_ID` int DEFAULT NULL,
  `Address` text,
  PRIMARY KEY (`O_ID`),
  KEY `C_ID` (`C_ID`),
  CONSTRAINT `orders_ibfk_1` FOREIGN KEY (`C_ID`) REFERENCES `customer` (`C_ID`)
) ENGINE=InnoDB AUTO_INCREMENT=501 DEFAULT CHARSET=utf8mb4 COLLATE=utf8mb4_0900_ai_ci;
/*!40101 SET character_set_client = @saved_cs_client */;

--
-- Dumping data for table `orders`
--

LOCK TABLES `orders` WRITE;
/*!40000 ALTER TABLE `orders` DISABLE KEYS */;
INSERT INTO `orders` VALUES (1,298000,'cash',1,'1806/67 Huỳnh Tấn Phát, Thị Trấn Nhà Bè, Nhà Bè,TP.HCM'),(2,65000,'cash',1,'1806/67 Huỳnh Tấn Phát, Thị Trấn Nhà Bè, Nhà Bè,TP.HCM'),(3,65000,'cash',1,'1806/67 Huỳnh Tấn Phát, Thị Trấn Nhà Bè, Nhà Bè,TP.HCM'),(4,65000,'cash',1,'1806/67 Huỳnh Tấn Phát, Thị Trấn Nhà Bè, Nhà Bè,TP.HCM'),(5,65000,'cash',1,'1806/67 Huỳnh Tấn Phát, Thị Trấn Nhà Bè, Nhà Bè,TP.HCM'),(6,65000,'cash',1,'1806/67 Huỳnh Tấn Phát, Thị Trấn Nhà Bè, Nhà Bè,TP.HCM'),(7,65000,'cash',1,'1806/67 Huỳnh Tấn Phát, Thị Trấn Nhà Bè, Nhà Bè,TP.HCM'),(8,65000,'cash',1,'1806/67 Huỳnh Tấn Phát, Thị Trấn Nhà Bè, Nhà Bè,TP.HCM'),(9,65000,'cash',1,'1806/67 Huỳnh Tấn Phát, Thị Trấn Nhà Bè, Nhà Bè,TP.HCM'),(10,65000,'cash',1,'1806/67 Huỳnh Tấn Phát, Thị Trấn Nhà Bè, Nhà Bè,TP.HCM'),(11,65000,'cash',1,'1806/67 Huỳnh Tấn Phát, Thị Trấn Nhà Bè, Nhà Bè,TP.HCM'),(12,65000,'cash',1,'1806/67 Huỳnh Tấn Phát, Thị Trấn Nhà Bè, Nhà Bè,TP.HCM'),(13,65000,'cash',1,'1806/67 Huỳnh Tấn Phát, Thị Trấn Nhà Bè, Nhà Bè,TP.HCM'),(14,65000,'cash',1,'1806/67 Huỳnh Tấn Phát, Thị Trấn Nhà Bè, Nhà Bè,TP.HCM'),(15,65000,'cash',1,'1806/67 Huỳnh Tấn Phát, Thị Trấn Nhà Bè, Nhà Bè,TP.HCM'),(16,65000,'cash',1,'1806/67 Huỳnh Tấn Phát, Thị Trấn Nhà Bè, Nhà Bè,TP.HCM'),(17,65000,'cash',1,'1806/67 Huỳnh Tấn Phát, Thị Trấn Nhà Bè, Nhà Bè,TP.HCM'),(18,65000,'cash',1,'1806/67 Huỳnh Tấn Phát, Thị Trấn Nhà Bè, Nhà Bè,TP.HCM'),(19,65000,'cash',1,'1806/67 Huỳnh Tấn Phát, Thị Trấn Nhà Bè, Nhà Bè,TP.HCM'),(20,65000,'cash',1,'1806/67 Huỳnh Tấn Phát, Thị Trấn Nhà Bè, Nhà Bè,TP.HCM'),(21,65000,'cash',1,'1806/67 Huỳnh Tấn Phát, Thị Trấn Nhà Bè, Nhà Bè,TP.HCM'),(22,65000,'cash',1,'1806/67 Huỳnh Tấn Phát, Thị Trấn Nhà Bè, Nhà Bè,TP.HCM'),(23,65000,'cash',1,'1806/67 Huỳnh Tấn Phát, Thị Trấn Nhà Bè, Nhà Bè,TP.HCM'),(24,65000,'cash',1,'1806/67 Huỳnh Tấn Phát, Thị Trấn Nhà Bè, Nhà Bè,TP.HCM'),(25,65000,'cash',1,'1806/67 Huỳnh Tấn Phát, Thị Trấn Nhà Bè, Nhà Bè,TP.HCM'),(26,65000,'cash',1,'1806/67 Huỳnh Tấn Phát, Thị Trấn Nhà Bè, Nhà Bè,TP.HCM'),(27,65000,'cash',1,'1806/67 Huỳnh Tấn Phát, Thị Trấn Nhà Bè, Nhà Bè,TP.HCM'),(28,65000,'cash',1,'1806/67 Huỳnh Tấn Phát, Thị Trấn Nhà Bè, Nhà Bè,TP.HCM'),(29,65000,'cash',1,'1806/67 Huỳnh Tấn Phát, Thị Trấn Nhà Bè, Nhà Bè,TP.HCM'),(30,65000,'cash',1,'1806/67 Huỳnh Tấn Phát, Thị Trấn Nhà Bè, Nhà Bè,TP.HCM'),(31,65000,'cash',1,'1806/67 Huỳnh Tấn Phát, Thị Trấn Nhà Bè, Nhà Bè,TP.HCM'),(32,65000,'cash',1,'1806/67 Huỳnh Tấn Phát, Thị Trấn Nhà Bè, Nhà Bè,TP.HCM'),(33,65000,'cash',1,'1806/67 Huỳnh Tấn Phát, Thị Trấn Nhà Bè, Nhà Bè,TP.HCM'),(34,65000,'cash',1,'1806/67 Huỳnh Tấn Phát, Thị Trấn Nhà Bè, Nhà Bè,TP.HCM'),(35,65000,'cash',1,'1806/67 Huỳnh Tấn Phát, Thị Trấn Nhà Bè, Nhà Bè,TP.HCM'),(36,65000,'cash',1,'1806/67 Huỳnh Tấn Phát, Thị Trấn Nhà Bè, Nhà Bè,TP.HCM'),(37,65000,'cash',1,'1806/67 Huỳnh Tấn Phát, Thị Trấn Nhà Bè, Nhà Bè,TP.HCM'),(38,65000,'cash',1,'1806/67 Huỳnh Tấn Phát, Thị Trấn Nhà Bè, Nhà Bè,TP.HCM'),(39,65000,'cash',1,'1806/67 Huỳnh Tấn Phát, Thị Trấn Nhà Bè, Nhà Bè,TP.HCM'),(40,65000,'cash',1,'1806/67 Huỳnh Tấn Phát, Thị Trấn Nhà Bè, Nhà Bè,TP.HCM'),(41,65000,'cash',1,'1806/67 Huỳnh Tấn Phát, Thị Trấn Nhà Bè, Nhà Bè,TP.HCM'),(42,65000,'cash',1,'1806/67 Huỳnh Tấn Phát, Thị Trấn Nhà Bè, Nhà Bè,TP.HCM'),(43,65000,'cash',1,'1806/67 Huỳnh Tấn Phát, Thị Trấn Nhà Bè, Nhà Bè,TP.HCM'),(44,65000,'cash',1,'1806/67 Huỳnh Tấn Phát, Thị Trấn Nhà Bè, Nhà Bè,TP.HCM'),(45,65000,'cash',1,'1806/67 Huỳnh Tấn Phát, Thị Trấn Nhà Bè, Nhà Bè,TP.HCM'),(46,65000,'cash',1,'1806/67 Huỳnh Tấn Phát, Thị Trấn Nhà Bè, Nhà Bè,TP.HCM'),(47,65000,'cash',1,'1806/67 Huỳnh Tấn Phát, Thị Trấn Nhà Bè, Nhà Bè,TP.HCM'),(48,65000,'cash',1,'1806/67 Huỳnh Tấn Phát, Thị Trấn Nhà Bè, Nhà Bè,TP.HCM'),(49,65000,'cash',1,'1806/67 Huỳnh Tấn Phát, Thị Trấn Nhà Bè, Nhà Bè,TP.HCM'),(50,65000,'cash',1,'1806/67 Huỳnh Tấn Phát, Thị Trấn Nhà Bè, Nhà Bè,TP.HCM'),(51,65000,'cash',1,'1806/67 Huỳnh Tấn Phát, Thị Trấn Nhà Bè, Nhà Bè,TP.HCM'),(52,65000,'cash',1,'1806/67 Huỳnh Tấn Phát, Thị Trấn Nhà Bè, Nhà Bè,TP.HCM'),(53,65000,'cash',1,'1806/67 Huỳnh Tấn Phát, Thị Trấn Nhà Bè, Nhà Bè,TP.HCM'),(54,65000,'cash',1,'1806/67 Huỳnh Tấn Phát, Thị Trấn Nhà Bè, Nhà Bè,TP.HCM'),(55,65000,'cash',1,'1806/67 Huỳnh Tấn Phát, Thị Trấn Nhà Bè, Nhà Bè,TP.HCM'),(56,65000,'cash',1,'1806/67 Huỳnh Tấn Phát, Thị Trấn Nhà Bè, Nhà Bè,TP.HCM'),(57,65000,'cash',1,'1806/67 Huỳnh Tấn Phát, Thị Trấn Nhà Bè, Nhà Bè,TP.HCM'),(58,65000,'cash',1,'1806/67 Huỳnh Tấn Phát, Thị Trấn Nhà Bè, Nhà Bè,TP.HCM'),(59,65000,'cash',1,'1806/67 Huỳnh Tấn Phát, Thị Trấn Nhà Bè, Nhà Bè,TP.HCM'),(60,65000,'cash',1,'1806/67 Huỳnh Tấn Phát, Thị Trấn Nhà Bè, Nhà Bè,TP.HCM'),(61,65000,'cash',1,'1806/67 Huỳnh Tấn Phát, Thị Trấn Nhà Bè, Nhà Bè,TP.HCM'),(62,65000,'cash',1,'1806/67 Huỳnh Tấn Phát, Thị Trấn Nhà Bè, Nhà Bè,TP.HCM'),(63,65000,'cash',1,'1806/67 Huỳnh Tấn Phát, Thị Trấn Nhà Bè, Nhà Bè,TP.HCM'),(64,65000,'cash',1,'1806/67 Huỳnh Tấn Phát, Thị Trấn Nhà Bè, Nhà Bè,TP.HCM'),(65,65000,'cash',1,'1806/67 Huỳnh Tấn Phát, Thị Trấn Nhà Bè, Nhà Bè,TP.HCM'),(66,65000,'cash',1,'1806/67 Huỳnh Tấn Phát, Thị Trấn Nhà Bè, Nhà Bè,TP.HCM'),(67,65000,'cash',1,'1806/67 Huỳnh Tấn Phát, Thị Trấn Nhà Bè, Nhà Bè,TP.HCM'),(68,65000,'cash',1,'1806/67 Huỳnh Tấn Phát, Thị Trấn Nhà Bè, Nhà Bè,TP.HCM'),(69,65000,'cash',1,'1806/67 Huỳnh Tấn Phát, Thị Trấn Nhà Bè, Nhà Bè,TP.HCM'),(70,65000,'cash',1,'1806/67 Huỳnh Tấn Phát, Thị Trấn Nhà Bè, Nhà Bè,TP.HCM'),(71,65000,'cash',1,'1806/67 Huỳnh Tấn Phát, Thị Trấn Nhà Bè, Nhà Bè,TP.HCM'),(72,65000,'cash',1,'1806/67 Huỳnh Tấn Phát, Thị Trấn Nhà Bè, Nhà Bè,TP.HCM'),(73,65000,'cash',1,'1806/67 Huỳnh Tấn Phát, Thị Trấn Nhà Bè, Nhà Bè,TP.HCM'),(74,65000,'cash',1,'1806/67 Huỳnh Tấn Phát, Thị Trấn Nhà Bè, Nhà Bè,TP.HCM'),(75,65000,'cash',1,'1806/67 Huỳnh Tấn Phát, Thị Trấn Nhà Bè, Nhà Bè,TP.HCM'),(76,65000,'cash',1,'1806/67 Huỳnh Tấn Phát, Thị Trấn Nhà Bè, Nhà Bè,TP.HCM'),(77,65000,'cash',1,'1806/67 Huỳnh Tấn Phát, Thị Trấn Nhà Bè, Nhà Bè,TP.HCM'),(78,65000,'cash',1,'1806/67 Huỳnh Tấn Phát, Thị Trấn Nhà Bè, Nhà Bè,TP.HCM'),(79,65000,'cash',1,'1806/67 Huỳnh Tấn Phát, Thị Trấn Nhà Bè, Nhà Bè,TP.HCM'),(80,65000,'cash',1,'1806/67 Huỳnh Tấn Phát, Thị Trấn Nhà Bè, Nhà Bè,TP.HCM'),(81,65000,'cash',1,'1806/67 Huỳnh Tấn Phát, Thị Trấn Nhà Bè, Nhà Bè,TP.HCM'),(82,65000,'cash',1,'1806/67 Huỳnh Tấn Phát, Thị Trấn Nhà Bè, Nhà Bè,TP.HCM'),(83,65000,'cash',1,'1806/67 Huỳnh Tấn Phát, Thị Trấn Nhà Bè, Nhà Bè,TP.HCM'),(84,65000,'cash',1,'1806/67 Huỳnh Tấn Phát, Thị Trấn Nhà Bè, Nhà Bè,TP.HCM'),(85,65000,'cash',1,'1806/67 Huỳnh Tấn Phát, Thị Trấn Nhà Bè, Nhà Bè,TP.HCM'),(86,65000,'cash',1,'1806/67 Huỳnh Tấn Phát, Thị Trấn Nhà Bè, Nhà Bè,TP.HCM'),(87,65000,'cash',1,'1806/67 Huỳnh Tấn Phát, Thị Trấn Nhà Bè, Nhà Bè,TP.HCM'),(88,65000,'cash',1,'1806/67 Huỳnh Tấn Phát, Thị Trấn Nhà Bè, Nhà Bè,TP.HCM'),(89,65000,'cash',1,'1806/67 Huỳnh Tấn Phát, Thị Trấn Nhà Bè, Nhà Bè,TP.HCM'),(90,65000,'cash',1,'1806/67 Huỳnh Tấn Phát, Thị Trấn Nhà Bè, Nhà Bè,TP.HCM'),(91,65000,'cash',1,'1806/67 Huỳnh Tấn Phát, Thị Trấn Nhà Bè, Nhà Bè,TP.HCM'),(92,65000,'cash',1,'1806/67 Huỳnh Tấn Phát, Thị Trấn Nhà Bè, Nhà Bè,TP.HCM'),(93,65000,'cash',1,'1806/67 Huỳnh Tấn Phát, Thị Trấn Nhà Bè, Nhà Bè,TP.HCM'),(94,65000,'cash',1,'1806/67 Huỳnh Tấn Phát, Thị Trấn Nhà Bè, Nhà Bè,TP.HCM'),(95,65000,'cash',1,'1806/67 Huỳnh Tấn Phát, Thị Trấn Nhà Bè, Nhà Bè,TP.HCM'),(96,65000,'cash',1,'1806/67 Huỳnh Tấn Phát, Thị Trấn Nhà Bè, Nhà Bè,TP.HCM'),(97,65000,'cash',1,'1806/67 Huỳnh Tấn Phát, Thị Trấn Nhà Bè, Nhà Bè,TP.HCM'),(98,65000,'cash',1,'1806/67 Huỳnh Tấn Phát, Thị Trấn Nhà Bè, Nhà Bè,TP.HCM'),(99,65000,'cash',1,'1806/67 Huỳnh Tấn Phát, Thị Trấn Nhà Bè, Nhà Bè,TP.HCM'),(100,65000,'cash',1,'1806/67 Huỳnh Tấn Phát, Thị Trấn Nhà Bè, Nhà Bè,TP.HCM'),(101,65000,'cash',1,'1806/67 Huỳnh Tấn Phát, Thị Trấn Nhà Bè, Nhà Bè,TP.HCM'),(102,65000,'cash',1,'1806/67 Huỳnh Tấn Phát, Thị Trấn Nhà Bè, Nhà Bè,TP.HCM'),(103,65000,'cash',1,'1806/67 Huỳnh Tấn Phát, Thị Trấn Nhà Bè, Nhà Bè,TP.HCM'),(104,65000,'cash',1,'1806/67 Huỳnh Tấn Phát, Thị Trấn Nhà Bè, Nhà Bè,TP.HCM'),(105,65000,'cash',1,'1806/67 Huỳnh Tấn Phát, Thị Trấn Nhà Bè, Nhà Bè,TP.HCM'),(106,65000,'cash',1,'1806/67 Huỳnh Tấn Phát, Thị Trấn Nhà Bè, Nhà Bè,TP.HCM'),(107,65000,'cash',1,'1806/67 Huỳnh Tấn Phát, Thị Trấn Nhà Bè, Nhà Bè,TP.HCM'),(108,65000,'cash',1,'1806/67 Huỳnh Tấn Phát, Thị Trấn Nhà Bè, Nhà Bè,TP.HCM'),(109,65000,'cash',1,'1806/67 Huỳnh Tấn Phát, Thị Trấn Nhà Bè, Nhà Bè,TP.HCM'),(110,65000,'cash',1,'1806/67 Huỳnh Tấn Phát, Thị Trấn Nhà Bè, Nhà Bè,TP.HCM'),(111,65000,'cash',1,'1806/67 Huỳnh Tấn Phát, Thị Trấn Nhà Bè, Nhà Bè,TP.HCM'),(112,65000,'cash',1,'1806/67 Huỳnh Tấn Phát, Thị Trấn Nhà Bè, Nhà Bè,TP.HCM'),(113,65000,'cash',1,'1806/67 Huỳnh Tấn Phát, Thị Trấn Nhà Bè, Nhà Bè,TP.HCM'),(114,65000,'cash',1,'1806/67 Huỳnh Tấn Phát, Thị Trấn Nhà Bè, Nhà Bè,TP.HCM'),(115,65000,'cash',1,'1806/67 Huỳnh Tấn Phát, Thị Trấn Nhà Bè, Nhà Bè,TP.HCM'),(116,80000,'cash',18,'hcm'),(117,80000,'cash',18,'hcm'),(118,80000,'cash',18,'hcm'),(119,80000,'cash',18,'hcm'),(120,80000,'cash',18,'hcm'),(121,80000,'cash',18,'hcm'),(122,80000,'cash',18,'hcm'),(123,80000,'cash',18,'hcm'),(124,80000,'cash',18,'hcm'),(125,80000,'cash',18,'hcm'),(126,80000,'cash',18,'hcm'),(127,80000,'cash',18,'hcm'),(128,80000,'cash',18,'hcm'),(129,80000,'cash',18,'hcm'),(130,80000,'cash',18,'hcm'),(131,80000,'cash',18,'hcm'),(132,80000,'cash',18,'hcm'),(133,80000,'cash',18,'hcm'),(134,80000,'cash',18,'hcm'),(135,80000,'cash',18,'hcm'),(136,80000,'cash',18,'hcm'),(137,80000,'cash',18,'hcm'),(138,80000,'cash',18,'hcm'),(139,80000,'cash',18,'hcm'),(140,80000,'cash',18,'hcm'),(141,80000,'cash',18,'hcm'),(142,80000,'cash',18,'hcm'),(143,80000,'cash',18,'hcm'),(144,80000,'cash',18,'hcm'),(145,80000,'cash',18,'hcm'),(146,80000,'cash',18,'hcm'),(147,80000,'cash',18,'hcm'),(148,80000,'cash',18,'hcm'),(149,80000,'cash',18,'hcm'),(150,80000,'cash',18,'hcm'),(151,80000,'cash',18,'hcm'),(152,80000,'cash',18,'hcm'),(153,80000,'cash',18,'hcm'),(154,80000,'cash',18,'hcm'),(155,80000,'cash',18,'hcm'),(156,80000,'cash',18,'hcm'),(157,80000,'cash',18,'hcm'),(158,80000,'cash',18,'hcm'),(159,80000,'cash',18,'hcm'),(160,80000,'cash',18,'hcm'),(161,80000,'cash',18,'hcm'),(162,80000,'cash',18,'hcm'),(163,80000,'cash',18,'hcm'),(164,80000,'cash',18,'hcm'),(165,80000,'cash',18,'hcm'),(166,80000,'cash',18,'hcm'),(167,80000,'cash',18,'hcm'),(168,80000,'cash',18,'hcm'),(169,80000,'cash',18,'hcm'),(170,80000,'cash',18,'hcm'),(171,80000,'cash',18,'hcm'),(172,80000,'cash',18,'hcm'),(173,80000,'cash',18,'hcm'),(174,80000,'cash',18,'hcm'),(175,80000,'cash',18,'hcm'),(176,80000,'cash',18,'hcm'),(177,80000,'cash',18,'hcm'),(178,80000,'cash',18,'hcm'),(179,80000,'cash',18,'hcm'),(180,80000,'cash',18,'hcm'),(181,80000,'cash',18,'hcm'),(182,80000,'cash',18,'hcm'),(183,80000,'cash',18,'hcm'),(184,80000,'cash',18,'hcm'),(185,80000,'cash',18,'hcm'),(186,80000,'cash',18,'hcm'),(187,80000,'cash',18,'hcm'),(188,80000,'cash',18,'hcm'),(189,80000,'cash',18,'hcm'),(190,80000,'cash',18,'hcm'),(191,80000,'cash',18,'hcm'),(192,80000,'cash',18,'hcm'),(193,80000,'cash',18,'hcm'),(194,80000,'cash',18,'hcm'),(195,80000,'cash',18,'hcm'),(196,80000,'cash',18,'hcm'),(197,80000,'cash',18,'hcm'),(198,80000,'cash',18,'hcm'),(199,80000,'cash',18,'hcm'),(200,80000,'cash',18,'hcm'),(201,95000,'cash',19,'hcm'),(202,95000,'cash',19,'hcm'),(203,95000,'cash',19,'hcm'),(204,95000,'cash',19,'hcm'),(205,95000,'cash',19,'hcm'),(206,95000,'cash',19,'hcm'),(207,95000,'cash',19,'hcm'),(208,95000,'cash',19,'hcm'),(209,95000,'cash',19,'hcm'),(210,95000,'cash',19,'hcm'),(211,95000,'cash',19,'hcm'),(212,95000,'cash',19,'hcm'),(213,95000,'cash',19,'hcm'),(214,95000,'cash',19,'hcm'),(215,95000,'cash',19,'hcm'),(216,95000,'cash',19,'hcm'),(217,95000,'cash',19,'hcm'),(218,95000,'cash',19,'hcm'),(219,95000,'cash',19,'hcm'),(220,95000,'cash',19,'hcm'),(221,95000,'cash',19,'hcm'),(222,95000,'cash',19,'hcm'),(223,95000,'cash',19,'hcm'),(224,95000,'cash',19,'hcm'),(225,95000,'cash',19,'hcm'),(226,95000,'cash',19,'hcm'),(227,95000,'cash',19,'hcm'),(228,95000,'cash',19,'hcm'),(229,95000,'cash',19,'hcm'),(230,95000,'cash',19,'hcm'),(231,95000,'cash',19,'hcm'),(232,95000,'cash',19,'hcm'),(233,95000,'cash',19,'hcm'),(234,95000,'cash',19,'hcm'),(235,95000,'cash',19,'hcm'),(236,95000,'cash',19,'hcm'),(237,95000,'cash',19,'hcm'),(238,95000,'cash',19,'hcm'),(239,95000,'cash',19,'hcm'),(240,95000,'cash',19,'hcm'),(241,95000,'cash',19,'hcm'),(242,95000,'cash',19,'hcm'),(243,95000,'cash',19,'hcm'),(244,95000,'cash',19,'hcm'),(245,95000,'cash',19,'hcm'),(246,95000,'cash',19,'hcm'),(247,95000,'cash',19,'hcm'),(248,95000,'cash',19,'hcm'),(249,95000,'cash',19,'hcm'),(250,95000,'cash',19,'hcm'),(251,95000,'cash',19,'hcm'),(252,95000,'cash',19,'hcm'),(253,95000,'cash',19,'hcm'),(254,95000,'cash',19,'hcm'),(255,95000,'cash',19,'hcm'),(256,95000,'cash',19,'hcm'),(257,95000,'cash',19,'hcm'),(258,95000,'cash',19,'hcm'),(259,95000,'cash',19,'hcm'),(260,95000,'cash',19,'hcm'),(261,95000,'cash',19,'hcm'),(262,95000,'cash',19,'hcm'),(263,95000,'cash',19,'hcm'),(264,95000,'cash',19,'hcm'),(265,95000,'cash',19,'hcm'),(266,95000,'cash',19,'hcm'),(267,95000,'cash',19,'hcm'),(268,95000,'cash',19,'hcm'),(269,95000,'cash',19,'hcm'),(270,95000,'cash',19,'hcm'),(271,95000,'cash',19,'hcm'),(272,95000,'cash',19,'hcm'),(273,95000,'cash',19,'hcm'),(274,95000,'cash',19,'hcm'),(275,95000,'cash',19,'hcm'),(276,95000,'cash',19,'hcm'),(277,95000,'cash',19,'hcm'),(278,95000,'cash',19,'hcm'),(279,95000,'cash',19,'hcm'),(280,95000,'cash',19,'hcm'),(281,95000,'cash',19,'hcm'),(282,95000,'cash',19,'hcm'),(283,95000,'cash',19,'hcm'),(284,95000,'cash',19,'hcm'),(285,95000,'cash',19,'hcm'),(286,95000,'cash',19,'hcm'),(287,95000,'cash',19,'hcm'),(288,95000,'cash',19,'hcm'),(289,95000,'cash',19,'hcm'),(290,95000,'cash',19,'hcm'),(291,95000,'cash',19,'hcm'),(292,95000,'cash',19,'hcm'),(293,95000,'cash',19,'hcm'),(294,95000,'cash',19,'hcm'),(295,95000,'cash',19,'hcm'),(296,95000,'cash',19,'hcm'),(297,95000,'cash',19,'hcm'),(298,95000,'cash',19,'hcm'),(299,95000,'cash',19,'hcm'),(300,95000,'cash',19,'hcm'),(301,95000,'cash',19,'hcm'),(302,95000,'cash',19,'hcm'),(303,95000,'cash',19,'hcm'),(304,95000,'cash',20,'bến tre'),(305,95000,'cash',20,'bến tre'),(306,95000,'cash',20,'bến tre'),(307,95000,'cash',20,'bến tre'),(308,95000,'cash',20,'bến tre'),(309,95000,'cash',20,'bến tre'),(310,95000,'cash',20,'bến tre'),(311,95000,'cash',20,'bến tre'),(312,95000,'cash',20,'bến tre'),(313,95000,'cash',20,'bến tre'),(314,95000,'cash',20,'bến tre'),(315,95000,'cash',20,'bến tre'),(316,95000,'cash',20,'bến tre'),(317,95000,'cash',20,'bến tre'),(318,95000,'cash',20,'bến tre'),(319,95000,'cash',20,'bến tre'),(320,95000,'cash',20,'bến tre'),(321,95000,'cash',20,'bến tre'),(322,95000,'cash',20,'bến tre'),(323,95000,'cash',20,'bến tre'),(324,95000,'cash',20,'bến tre'),(325,95000,'cash',20,'bến tre'),(326,95000,'cash',20,'bến tre'),(327,95000,'cash',20,'bến tre'),(328,95000,'cash',20,'bến tre'),(329,95000,'cash',20,'bến tre'),(330,95000,'cash',20,'bến tre'),(331,95000,'cash',20,'bến tre'),(332,95000,'cash',20,'bến tre'),(333,95000,'cash',20,'bến tre'),(334,95000,'cash',20,'bến tre'),(335,95000,'cash',20,'bến tre'),(336,95000,'cash',20,'bến tre'),(337,95000,'cash',20,'bến tre'),(338,95000,'cash',20,'bến tre'),(339,95000,'cash',20,'bến tre'),(340,95000,'cash',20,'bến tre'),(341,95000,'cash',20,'bến tre'),(342,95000,'cash',20,'bến tre'),(343,95000,'cash',20,'bến tre'),(344,95000,'cash',20,'bến tre'),(345,95000,'cash',20,'bến tre'),(346,95000,'cash',20,'bến tre'),(347,95000,'cash',20,'bến tre'),(348,95000,'cash',20,'bến tre'),(349,95000,'cash',20,'bến tre'),(350,95000,'cash',20,'bến tre'),(351,95000,'cash',20,'bến tre'),(352,95000,'cash',20,'bến tre'),(353,95000,'cash',20,'bến tre'),(354,95000,'cash',20,'bến tre'),(355,95000,'cash',20,'bến tre'),(356,95000,'cash',20,'bến tre'),(357,95000,'cash',20,'bến tre'),(358,95000,'cash',20,'bến tre'),(359,95000,'cash',20,'bến tre'),(360,95000,'cash',20,'bến tre'),(361,95000,'cash',20,'bến tre'),(362,95000,'cash',20,'bến tre'),(363,95000,'cash',20,'bến tre'),(364,95000,'cash',20,'bến tre'),(365,95000,'cash',20,'bến tre'),(366,95000,'cash',20,'bến tre'),(367,95000,'cash',20,'bến tre'),(368,95000,'cash',20,'bến tre'),(369,95000,'cash',20,'bến tre'),(370,95000,'cash',20,'bến tre'),(371,95000,'cash',20,'bến tre'),(372,95000,'cash',20,'bến tre'),(373,95000,'cash',20,'bến tre'),(374,95000,'cash',20,'bến tre'),(375,95000,'cash',20,'bến tre'),(376,95000,'cash',20,'bến tre'),(377,95000,'cash',20,'bến tre'),(378,95000,'cash',20,'bến tre'),(379,95000,'cash',20,'bến tre'),(380,95000,'cash',20,'bến tre'),(381,95000,'cash',20,'bến tre'),(382,95000,'cash',20,'bến tre'),(383,95000,'cash',20,'bến tre'),(384,95000,'cash',20,'bến tre'),(385,95000,'cash',20,'bến tre'),(386,95000,'cash',20,'bến tre'),(387,95000,'cash',20,'bến tre'),(388,95000,'cash',20,'bến tre'),(389,95000,'cash',20,'bến tre'),(390,95000,'cash',20,'bến tre'),(391,95000,'cash',20,'bến tre'),(392,95000,'cash',20,'bến tre'),(393,95000,'cash',20,'bến tre'),(394,95000,'cash',20,'bến tre'),(395,95000,'cash',20,'bến tre'),(396,95000,'cash',20,'bến tre'),(397,95000,'cash',20,'bến tre'),(398,95000,'cash',20,'bến tre'),(399,95000,'cash',20,'bến tre'),(400,95000,'cash',20,'bến tre'),(401,95000,'cash',20,'bến tre'),(402,137000,'cash',21,'bến tre'),(403,137000,'cash',21,'bến tre'),(404,137000,'cash',21,'bến tre'),(405,137000,'cash',21,'bến tre'),(406,137000,'cash',21,'bến tre'),(407,137000,'cash',21,'bến tre'),(408,137000,'cash',21,'bến tre'),(409,137000,'cash',21,'bến tre'),(410,137000,'cash',21,'bến tre'),(411,137000,'cash',21,'bến tre'),(412,137000,'cash',21,'bến tre'),(413,137000,'cash',21,'bến tre'),(414,137000,'cash',21,'bến tre'),(415,137000,'cash',21,'bến tre'),(416,137000,'cash',21,'bến tre'),(417,137000,'cash',21,'bến tre'),(418,137000,'cash',21,'bến tre'),(419,137000,'cash',21,'bến tre'),(420,137000,'cash',21,'bến tre'),(421,137000,'cash',21,'bến tre'),(422,137000,'cash',21,'bến tre'),(423,137000,'cash',21,'bến tre'),(424,137000,'cash',21,'bến tre'),(425,137000,'cash',21,'bến tre'),(426,137000,'cash',21,'bến tre'),(427,137000,'cash',21,'bến tre'),(428,137000,'cash',21,'bến tre'),(429,137000,'cash',21,'bến tre'),(430,137000,'cash',21,'bến tre'),(431,137000,'cash',21,'bến tre'),(432,137000,'cash',21,'bến tre'),(433,137000,'cash',21,'bến tre'),(434,137000,'cash',21,'bến tre'),(435,137000,'cash',21,'bến tre'),(436,137000,'cash',21,'bến tre'),(437,137000,'cash',21,'bến tre'),(438,137000,'cash',21,'bến tre'),(439,137000,'cash',21,'bến tre'),(440,137000,'cash',21,'bến tre'),(441,137000,'cash',21,'bến tre'),(442,137000,'cash',21,'bến tre'),(443,137000,'cash',21,'bến tre'),(444,137000,'cash',21,'bến tre'),(445,137000,'cash',21,'bến tre'),(446,137000,'cash',21,'bến tre'),(447,137000,'cash',21,'bến tre'),(448,137000,'cash',21,'bến tre'),(449,137000,'cash',21,'bến tre'),(450,137000,'cash',21,'bến tre'),(451,137000,'cash',21,'bến tre'),(452,137000,'cash',21,'bến tre'),(453,137000,'cash',21,'bến tre'),(454,137000,'cash',21,'bến tre'),(455,137000,'cash',21,'bến tre'),(456,137000,'cash',21,'bến tre'),(457,137000,'cash',21,'bến tre'),(458,137000,'cash',21,'bến tre'),(459,137000,'cash',21,'bến tre'),(460,137000,'cash',21,'bến tre'),(461,137000,'cash',21,'bến tre'),(462,137000,'cash',21,'bến tre'),(463,137000,'cash',21,'bến tre'),(464,137000,'cash',21,'bến tre'),(465,137000,'cash',21,'bến tre'),(466,137000,'cash',21,'bến tre'),(467,137000,'cash',21,'bến tre'),(468,137000,'cash',21,'bến tre'),(469,137000,'cash',21,'bến tre'),(470,137000,'cash',21,'bến tre'),(471,137000,'cash',21,'bến tre'),(472,137000,'cash',21,'bến tre'),(473,137000,'cash',21,'bến tre'),(474,137000,'cash',21,'bến tre'),(475,137000,'cash',21,'bến tre'),(476,137000,'cash',21,'bến tre'),(477,137000,'cash',21,'bến tre'),(478,137000,'cash',21,'bến tre'),(479,137000,'cash',21,'bến tre'),(480,137000,'cash',21,'bến tre'),(481,137000,'cash',21,'bến tre'),(482,137000,'cash',21,'bến tre'),(483,137000,'cash',21,'bến tre'),(484,137000,'cash',21,'bến tre'),(485,137000,'cash',21,'bến tre'),(486,137000,'cash',21,'bến tre'),(487,137000,'cash',21,'bến tre'),(488,137000,'cash',21,'bến tre'),(489,137000,'cash',21,'bến tre'),(490,137000,'cash',21,'bến tre'),(491,137000,'cash',21,'bến tre'),(492,137000,'cash',21,'bến tre'),(493,137000,'cash',21,'bến tre'),(494,137000,'cash',21,'bến tre'),(495,137000,'cash',21,'bến tre'),(496,137000,'cash',21,'bến tre'),(497,137000,'cash',21,'bến tre'),(498,137000,'cash',21,'bến tre'),(499,137000,'cash',21,'bến tre'),(500,137000,'cash',21,'bến tre');
/*!40000 ALTER TABLE `orders` ENABLE KEYS */;
UNLOCK TABLES;

--
-- Table structure for table `product`
--

DROP TABLE IF EXISTS `product`;
/*!40101 SET @saved_cs_client     = @@character_set_client */;
/*!50503 SET character_set_client = utf8mb4 */;
CREATE TABLE `product` (
  `P_ID` int NOT NULL AUTO_INCREMENT,
  `PName` varchar(100) DEFAULT NULL,
  `prices` decimal(10,0) DEFAULT NULL,
  `Material` text,
  `image` varchar(255) DEFAULT NULL,
  `validproduct` int DEFAULT NULL,
  `E_ID` int DEFAULT NULL,
  PRIMARY KEY (`P_ID`),
  KEY `E_ID` (`E_ID`),
  CONSTRAINT `product_ibfk_1` FOREIGN KEY (`E_ID`) REFERENCES `employees` (`E_ID`)
) ENGINE=InnoDB AUTO_INCREMENT=114 DEFAULT CHARSET=utf8mb4 COLLATE=utf8mb4_0900_ai_ci;
/*!40101 SET character_set_client = @saved_cs_client */;

--
-- Dumping data for table `product`
--

LOCK TABLES `product` WRITE;
/*!40000 ALTER TABLE `product` DISABLE KEYS */;
INSERT INTO `product` VALUES (1,'Iced Matcha Coconut Latte',55000,'Matcha powder, Coconut milk, Ice, Espresso or coffee ','IcedMatcha Coconut Latte.jpg',500,1),(2,'Lavender Honey Rooibos Tea',25000,'Rooibos tea leaves, Lavender flowers or lavender syrup, Honey, Hot water','Lavender Honey Rooibos Tea.jpg',500,1),(3,'Iced Salted Caramel Latte',35000,'Espresso or coffee, Milk, Caramel syrup, Sea salt, Ice','Iced Salted Caramel Latte.jpg',500,1),(4,'Chamomile Lavender Mint Tea',35000,'Chamomile tea bags or loose chamomile flowers, Lavender flowers or lavender syrup','Chamomile Lavender Mint Tea.jpg',500,1),(5,'Iced Nutella Latte',60000,'Nutella (hazelnut chocolate spread), Milk, Espresso or coffee, Ice','Iced Nutella Latte.jpg',500,1),(6,'Coconut Lemongrass Green Tea',40000,' Green tea bags or loose green tea leaves, Lemongrass, Coconut milk or coconut syrup, Hot water','Coconut Lemongrass Green Tea.jpg',500,1),(7,'Iced Maple Bourbon Latte',55000,'Espresso or coffee, Milk, Maple syrup, Bourbon (optional), Ice','Iced Maple Bourbon Latte.jpg',500,1),(8,'Rose Hibiscus Herbal Tea',36000,'Hibiscus tea bags or dried hibiscus flowers, Rose petals or rose syrup, Hot water','rosehebicus.jpg',500,1),(9,'Iced Cookies and Cream Latte',47000,'Milk, Espresso or coffee, Cookies and cream syrup or crushed cookies, Ice','Iced Cookies and Cream Latte.jpg',500,1),(10,'Cherry Blossom Green Tea',40000,'Green tea bags or loose green tea leaves, Cherry blossom petals or cherry blossom syrup, Hot water','Cherry Blossom Green Tea.jpg',500,1),(11,'Iced Almond Joy Latte',28000,'Almond milk, Chocolate syrup, Coconut syrup, Espresso or coffee, Ice','Iced Almond Joy Latte.jpg',500,1),(12,'Passionfruit Mango Herbal Tea',65000,'Dried passionfruit, Dried mango, Herbal tea bags or loose herbal tea leaves, Hot water','Mango Green Tea.jpg',500,1),(13,'Iced Peanut Butter Cup Mocha',35000,'Peanut butter, Chocolate syrup, Espresso or coffee, Milk, Ice','Iced Peanut Butter Cup Mocha.jpg',500,1),(14,'Coconut Lime Herbal Tea',35000,'Dried coconut flakes, Lime slices or lime syrup, Herbal tea bags or loose herbal tea leaves, Hot water','Coconut Lime Herbal Tea.jpg',500,1),(15,'Iced Snickerdoodle Latte',42000,'Cookies and cream syrup or flavoring, Espresso or coffee, Milk, Ice','Iced Snickerdoodle Latte.jpg',500,1),(16,'Pineapple Sage Herbal Tea',31000,'Herbal tea blend, Pineapple, Sage','Pineapple.jpg',500,1),(17,'Iced Tuxedo Mocha',70000,'White chocolate syrup, Dark chocolate syrup, Espresso or coffee, Milk, Ice','Iced Tuxedo Mocha.jpg',500,1),(18,'Blue Butterfly Pea Flower Tea',30000,'Butterfly pea flower tea, Lemon or lime juice','Blue Butterfly Pea Flower Tea.jpg',500,1),(19,'Iced Caramel Toffee Latte',45000,'Caramel syrup, Toffee syrup, Espresso or coffee, Milk, Ice','Iced Caramel Toffee Latte.jpg',500,1),(20,'Ginger Peach Green Tea',33000,'Green tea, Ginger, Peach','Ginger Peach Green Tea.jpg',500,1),(21,'Iced Brown Sugar Cinnamon Latte',20000,'Brown sugar syrup, Cinnamon syrup, Espresso or coffee, Milk, Ice','Iced Brown Sugar Cinnamon Latte.jpg',500,1),(22,'Strawberry Basil Herbal Tea',25000,'Herbal tea blend, Strawberry, Basil','Strawberry Basil Herbal Tea.jpg',500,1),(23,'Fruit Beer',28000,'Malted barley (or other grains), Hops (optional), Yeast, Water, Fruit (such as berries, citrus, or tropical fruits).','Fruit Beer.jpg',500,1),(24,'Dragonfruit Mango Green Tea',27000,'Green tea, Dragonfruit, Mango','Dragonfruit Mango Green Tea.jpg',500,1),(25,'Iced Caramel Frappuccino',36000,'Caramel syrup, Espresso or coffee, Milk, Ice, Whipped cream ','Iced Caramel.jpg',500,1),(26,'Lemon Ginger Herbal Tea',45000,'Herbal tea blend, Lemon, Ginger','Lemon Ginger Herbal.jpg',500,1),(27,'Iced Vanilla Bean Latte',62000,'Vanilla syrup or bean, Espresso or coffee, Milk, Ice','Iced Vanilla Bean Latte.jpg',500,1),(28,'Hibiscus Berry Iced Tea',47000,'Hibiscus tea, Mixed berries','Hibiscus Berry Iced Tea.jpg',500,1),(29,'Iced Coconut Mocha',43000,'Coconut syrup, Chocolate syrup, Espresso or coffee, Milk, Ice','Iced Coconut Mocha.jpg',500,1),(30,'Matcha Latte',44000,'Matcha, Milk, Sweetener','iced-matcha-latte-1-web.jpg',500,1),(31,'Bock',23000,'Malted barley, Hops, Yeast, Water.','Bock.png',500,1),(32,'Raspberry Hibiscus Iced Tea',36000,'Hibiscus tea, Raspberry','Raspberry Hibiscus Iced Tea.jpg',500,1),(33,'Iced Caramel Crunch Latte',41000,'Caramel syrup, Espresso or coffee, Milk, Ice, Caramel drizzle ','Iced Caramel Crunch Latte.jpg',500,1),(34,'Chai Spice Iced Tea',14000,'Chai tea, Spices (cinnamon, cardamom, cloves, ginger), Ice','Chai Spice Iced Tea.jpg',500,1),(35,'Iced Cappuccino',32000,'Espresso or coffee, Milk foam, Ice','Iced Cappuccinoo.jpg',500,1),(36,'Pomegranate Green Tea',46000,'Green tea, Pomegranate juice or syrup','Pomegranate Green Tea.jpg',500,1),(37,'Iced Chocolate Hazelnut Latte',41000,'Chocolate syrup, Hazelnut syrup, Espresso or coffee, Milk, Ice','Iced Chocolate Hazelnut Latte.jpg',500,1),(38,'Lemon Verbena Iced Tea',32000,'Verbena tea, Lemon','Lemon Verbena Iced Tea.jpg',500,1),(39,'Iced Maple Pecan Latte',36000,'Maple syrup, Pecan syrup, Espresso or coffee, Milk, Ice','Iced Maple Pecan Latte.jpg',500,1),(40,'Turmeric Citrus Herbal Tea',48000,'Herbal tea blend, Turmeric, Citrus (lemon, orange)','Turmeric Citrus Herbal Tea.jpg',500,1),(41,'Iced Tiramisu Latte',51000,'Tiramisu syrup, Espresso or coffee, Milk, Ice','Iced Tiramisu Latte.jpg',500,1),(42,'Dr Pepper',50000,'Water, High-fructose corn syrup, Caramel color, Phosphoric acid, Natural and artificial flavors','Dr Pepper.jpg',500,1),(43,'Mirinda',30000,'Water, Sugar, Citric acid, Natural flavors, Artificial colors','mirinda.jpg',500,1),(44,'Brown Ale',24000,'Malted barley, Hops, Yeast, Water','Brown Ale.jpg',500,1),(45,'7UP',26000,'Water, Sugar, Citric acid, Natural lemon-lime flavor, Potassium citrate','7UP.jpg',500,1),(46,'Jasmine Pearl Tea',27000,'Jasmine tea, Pearl tapioca ','Jasmine Pearl Teaa.jpg',500,1),(47,'Belgian Ale',40000,'Malted barley, Hops, Belgian yeast strains (often unique and imparting distinctive flavors), Water.','Belgian Ale.jpg',500,1),(48,'Berry Herbal Tea',29000,'Mixed berries','Berry Herbal Tea.jpg',500,1),(49,'Belgian Tripel',34000,'Malted barley, Candi sugar, Hops (usually with low bitterness), Belgian yeast strains, Water.','Belgian Tripel.jpg',500,1),(50,'coca-cola',39000,'Water, Sugar, Caffeine, Phosphoric acid, Natural flavors, Caramel color','coca-cola.jpg',500,1),(51,'Belgian Quadrupel',40000,'Malted barley, Candi sugar, Hops (usually with low bitterness), Belgian yeast strains, Water.','Belgian Quadrupel.jpg',500,1),(52,'Doppelbock',50000,'Malted barley, Hops (usually with low bitterness), Yeast, Water.','Doppelbock.jpg',500,1),(53,'Saison',30000,'Pilsner malt or pale malt, Hops, Saison yeast strains, Water.','Saison.jpg',500,1),(54,'Schweppes Tonic Water',32000,'Carbonated water, High-fructose corn syrup, Citric acid, Natural flavors, Sodium benzoate','Schweppes Tonic Water.jpg',500,1),(55,'Sour Beer',35000,'Malted barley, Hops (optional), Souring agents (such as lactobacillus bacteria or wild yeast), Yeast, Water.','Sour Beer.jpg',500,1),(56,'Barleywine',45000,'Malted barley (often with high malt content), Hops (often with higher bitterness), Yeast, Water.','Barleywine.jpg',500,1),(57,'Iced Vanilla Latte',55000,'Coconut syrup, Coffee, Milk, Ice','Iced Vanilla Lattee.jpg',500,1),(58,'Scotch Ale',2000000,'Malted barley (often including smoked malt), Hops (usually with low bitterness), Yeast, Water.','Scotch Ale.jpg',500,1),(59,'Pepsi',30000,'Water, Sugar, Caffeine, Phosphoric acid, Natural flavors, Caramel color','pepsi.jpg',500,1),(60,'Spiced Chai Latte cream',15000,'Chai syrup or chai tea concentrate, Milk, Spices (cinnamon, cardamom, cloves, ginger)','Spiced Chai Latte.jpg',500,1),(61,'Iced Mocha chocola',45000,'Chocolate syrup, Espresso or coffee, Milk, Ice','Iced Mochaa.jpg',500,1),(62,'Root Beer',55000,'Carbonated water, High-fructose corn syrup, Caramel color, Natural and artificial flavors','Root Beer.png',500,1),(63,'Iced Cinnamon Dolce Latte',55000,'Cinnamon dolce syrup, Espresso or coffee, Milk, Ice','Iced Cinnamon Dolce Lattee.jpg',500,1),(64,'Peach Iced Tea',25000,'Black tea or herbal tea, Peach syrup or peach puree, Ice','Peach Iced Tea.jpg',500,1),(65,'Stout',26000,'Malted barley, Roasted barley, Hops, Yeast, Water.','Stout.png',500,1),(66,'Mint Green Tea',34000,'Green tea, Mint leaves, Sweetener (optional)','Mint Green Tea.jpg',500,1),(67,'Iced Caramel Coffee',36000,'Caramel syrup, Coffee, Milk, Ice','Iced Caramel Coffeea.jpg',500,1),(68,'Spiced Chai Latte',45000,'Chai syrup or chai tea concentrate, Milk, ','Spiced Chai Lattee.jpg',500,1),(69,'Iced Mocha chocolate',55000,'Chocolate syrup, Espresso or coffee, Milk, Ice','Iced Mocha chocolate.jpg',500,1),(70,'Lemon coconout Iced Tea',50000,'Black tea or herbal tea, Lemon juice, Sugar, Ice','Lemon Iced Teae.jpg',500,1),(71,'Sprite',30000,'Water, Sugar, Citric acid, Natural lemon-lime flavor, Sodium citrate','Sprite.jpg',500,1),(72,'Amber Ale',35000,'Malted barley, Hops, Yeast, Water.','Amber Ale.jpg',500,1),(73,'Mountain Dew',29000,'Water, High-fructose corn syrup, Citric acid, Natural flavors, Caffeine, Sodium benzoate','Mountain Dew.jpg',500,1),(74,'Porter',100000,'Malted barley, Hops, Yeast, Water.','Porter.jpeg',500,1),(75,'Pilsner',35000,'Pilsner malt (a specific type of barley malt), Noble hops (such as Saaz), Yeast, Water.','Pilsner.jpg',500,1),(76,'Iced Mocha',55000,'Chocolate syrup, Espresso or coffee, Milk, Ice','Iced Peppermint Mocha.jpg',500,1),(77,'Lemon Iced Tea',50000,'Black tea or herbal tea, Lemon juice, Sugar, Ice','Lemon Iced tea.jpg',500,1),(78,'Iced Caramel Macchiato',46000,'Cinnamon dolce syrup, Espresso or coffee, Milk, Ice','iced-caramel-macchiato-photo-683x1024.jpg',500,1),(79,'Peppermint Herbal Tea',35000,'Peppermint leaves','Peppermint Herbal Tea.jpg',500,1),(80,'Iced Caramel Mocha',29000,'Caramel syrup, Chocolate syrup, Espresso or coffee, Milk, Ice','Iced Caramel Mocha.jpg.jpg',500,1),(81,'IPA (India Pale Ale)',200000,'Malted barley, Hops (often with higher hop content for bitterness and aroma), Yeast, Water.','IPA (India Pale Ale).jpg',500,1),(82,'Gose',35000,'Malted barley, Wheat malt, Hops (usually with low bitterness), Lactic acid bacteria (for sourness), Yeast, Water, Coriander, Salt.','Gose.jpg',500,1),(83,'Aquafina',20000,'100% natural','aquafina.jpg',500,1),(84,'Iced White Chocolate Mocha',35000,'White chocolate syrup, Espresso or coffee, Milk, Ice','Iced White Chocolate Mocha.jpg',500,1),(85,'Chamomile Herbal Tea',25000,'Chamomile flowers','Chamomile Herbal Tea.jpg',500,1),(86,'Wheat Beer',35000,'Wheat malt (often in addition to barley malt), Hops (optional), Yeast (often special strains for wheat beers), Water.','Wheat Beer.jpeg',500,1),(87,'Belgian Dubbel',47000,'Malted barley, Candi sugar (often used to increase alcohol content), Hops (usually with low bitterness), Belgian yeast strains, Water.','Belgian Dubbel.jpg',500,1),(88,'Iced Irish Cream Coffee',39000,'Irish cream syrup, Coffee, Milk, Ice','Iced Irish Cream Coffee.jpg',500,1),(89,'Lavender Herbal Tea',50000,'Lavender','Blueberry Lavender Herbal Tea.jpg',500,1),(90,'Iced Mint Mojito Coffee',34000,'Mint syrup, Lime juice, Coffee, Milk, Ice, Mint leaves','Iced Mint Mojito Coffee.jpg',500,1),(91,'Vanilla Chai Latte',50000,'Vanilla syrup, Chai tea, Milk','Vanilla Chai Latte.jpg',500,1),(92,'Coconut Iced Coffee',35000,'Coconut syrup, Coffee, Milk, Ice','Coconut Iced Coffee.jpg',500,1),(93,'Mango Black Tea',25000,'Black tea, Mango','Mango Black Tea.jpg',500,1),(94,'Caramel Macchiato',37000,'Caramel syrup, Espresso or coffee, Milk, Vanilla syrup (optional)','Caramel Macchiato.jpg',500,1),(95,'Green Tea Frappuccino',60000,'Green tea powder, Milk, Ice, Sweetener (optional)','Green Tea Frappuccino.jpg',500,1),(96,'Hazelnut Latte',80000,'Hazelnut syrup, Espresso or coffee, Milk','Hazelnut Latte.jpg',500,1),(97,'Earl Grey Tea Latte',65000,'Earl Grey tea, Milk','Earl Grey Tea Latte.jpg',500,1),(98,'Fanta',30000,'Water, Sugar, Citric acid, Natural flavors, Artificial colors','Fanta.jpg',500,1),(99,'Jasmine Green Tea',70000,'Jasmine tea, Pearl tapioca','Jasmine Green Tea.jpg',500,1),(100,'Iced Coconut Latte',35000,'Coconut syrup, Espresso or coffee, Milk, Ice','Iced Coconut Latte.jpg',500,1),(101,'Affogato',55000,'Espresso or coffee, Vanilla ice cream','Affogato.jpg',500,1),(102,'Blueberry White Tea',25000,'White tea, Blueberry','Blueberry White Teaz.jpg',500,1),(103,'Iced Hazelnut Latte',48000,'Hazelnut syrup, Espresso or coffee, Milk, Ice','Iced Hazelnut Praline Latte.jpg',500,1),(104,'Turmeric Ginger Tea',35000,'Turmeric, Ginger, Tea','Turmeric Ginger Tea.jpg',500,1),(105,'Iced Almond Milk Latte',65000,'Almond milk, Espresso or coffee, Ice','Iced Almond Milk Latte.jpg',500,1),(106,'Hibiscus Tea',45000,'Hibiscus flowers','Hibiscus Tea.jpg',500,1);
/*!40000 ALTER TABLE `product` ENABLE KEYS */;
UNLOCK TABLES;

--
-- Table structure for table `verify`
--

DROP TABLE IF EXISTS `verify`;
/*!40101 SET @saved_cs_client     = @@character_set_client */;
/*!50503 SET character_set_client = utf8mb4 */;
CREATE TABLE `verify` (
  `otpid` int NOT NULL AUTO_INCREMENT,
  `otpcode` varchar(100) DEFAULT NULL,
  `otpok` varchar(100) DEFAULT NULL,
  `username` varchar(100) DEFAULT NULL,
  PRIMARY KEY (`otpid`),
  KEY `username` (`username`),
  CONSTRAINT `verify_ibfk_1` FOREIGN KEY (`username`) REFERENCES `accounts` (`username`)
) ENGINE=InnoDB AUTO_INCREMENT=5 DEFAULT CHARSET=utf8mb4 COLLATE=utf8mb4_0900_ai_ci;
/*!40101 SET character_set_client = @saved_cs_client */;

--
-- Dumping data for table `verify`
--

LOCK TABLES `verify` WRITE;
/*!40000 ALTER TABLE `verify` DISABLE KEYS */;
/*!40000 ALTER TABLE `verify` ENABLE KEYS */;
UNLOCK TABLES;
/*!40103 SET TIME_ZONE=@OLD_TIME_ZONE */;

/*!40101 SET SQL_MODE=@OLD_SQL_MODE */;
/*!40014 SET FOREIGN_KEY_CHECKS=@OLD_FOREIGN_KEY_CHECKS */;
/*!40014 SET UNIQUE_CHECKS=@OLD_UNIQUE_CHECKS */;
/*!40101 SET CHARACTER_SET_CLIENT=@OLD_CHARACTER_SET_CLIENT */;
/*!40101 SET CHARACTER_SET_RESULTS=@OLD_CHARACTER_SET_RESULTS */;
/*!40101 SET COLLATION_CONNECTION=@OLD_COLLATION_CONNECTION */;
/*!40111 SET SQL_NOTES=@OLD_SQL_NOTES */;

-- Dump completed on 2024-04-06 21:48:50
